Order_ID,Customer_ID,Store_ID,Date,Product_Category,Price,Quantity,Total_Sales
1,1102,43,2023-01-01,Food,78.95,7,552.65
2,1435,1,2023-01-02,Clothing,257.44,5,1287.2
3,1860,45,2023-01-03,Electronics,232.99,7,1630.93
4,1270,24,2023-01-04,Clothing,450.88,9,4057.92
5,1106,35,2023-01-05,Sports,465.35,5,2326.75
6,1071,24,2023-01-06,Home,194.87,2,389.74
7,1700,17,2023-01-07,Sports,248.41,5,1242.05
8,1020,5,2023-01-08,Home,448.64,8,3589.12
9,1614,20,2023-01-09,Home,404.32,4,1617.28
10,1121,21,2023-01-10,Sports,6.81,2,13.62
11,1466,40,2023-01-11,Sports,163.43,3,490.29
12,1214,31,2023-01-12,Clothing,213.78,9,1924.02
13,1330,46,2023-01-13,Sports,118.71,9,1068.39
14,1458,36,2023-01-14,Clothing,103.79,8,830.32
15,1087,11,2023-01-15,Clothing,23.7,8,189.6
16,1372,15,2023-01-16,Clothing,323.47,8,2587.76
17,1099,19,2023-01-17,Home,134.94,8,1079.52
18,1871,7,2023-01-18,Home,30.91,8,247.28
19,1663,28,2023-01-19,Sports,119.33,1,119.33
20,1130,43,2023-01-20,Home,401.95,6,2411.7
21,1661,5,2023-01-21,Sports,426.49,9,3838.41
22,1308,5,2023-01-22,Home,244.12,8,1952.96
23,1769,30,2023-01-23,Electronics,210.95,3,632.85
24,1343,32,2023-01-24,Electronics,489.04,1,489.04
25,1491,8,2023-01-25,Sports,104.28,2,208.56
26,1413,10,2023-01-26,Home,111.6,2,223.2
27,1805,38,2023-01-27,Home,149.47,7,1046.29
28,1385,47,2023-01-28,Clothing,90.51,6,543.06
29,1191,32,2023-01-29,Food,192.79,2,385.58
30,1955,48,2023-01-30,Sports,455.86,8,3646.88
31,1276,28,2023-01-31,Food,309.6,9,2786.4
32,1160,17,2023-02-01,Food,208.91,7,1462.37
33,1459,31,2023-02-02,Sports,467.53,4,1870.12
34,1313,8,2023-02-03,Home,28.99,1,28.99
35,1021,40,2023-02-04,Sports,109.09,4,436.36
36,1252,25,2023-02-05,Food,285.11,4,1140.44
37,1747,9,2023-02-06,Home,309.7,8,2477.6
38,1856,2,2023-02-07,Electronics,24.58,4,98.32
39,1560,15,2023-02-08,Sports,204.5,4,818.0
40,1474,3,2023-02-09,Sports,326.33,2,652.66
41,1058,49,2023-02-10,Home,350.54,7,2453.78
42,1510,36,2023-02-11,Electronics,320.88,4,1283.52
43,1681,4,2023-02-12,Electronics,163.68,6,982.08
44,1475,14,2023-02-13,Home,51.29,3,153.87
45,1699,41,2023-02-14,Clothing,216.42,7,1514.94
46,1975,41,2023-02-15,Sports,68.73,6,412.38
47,1782,25,2023-02-16,Sports,474.07,3,1422.21
48,1189,10,2023-02-17,Food,240.21,4,960.84
49,1957,21,2023-02-18,Home,162.04,5,810.2
50,1686,36,2023-02-19,Food,384.32,9,3458.88
51,1957,12,2023-02-20,Food,251.48,6,1508.88
52,1562,27,2023-02-21,Electronics,158.47,4,633.88
53,1875,40,2023-02-22,Sports,406.92,7,2848.44
54,1566,2,2023-02-23,Food,434.24,2,868.48
55,1243,13,2023-02-24,Electronics,338.14,4,1352.56
56,1831,32,2023-02-25,Home,28.25,5,141.25
57,1504,31,2023-02-26,Food,285.33,4,1141.32
58,1130,16,2023-02-27,Sports,382.83,4,1531.32
59,1484,32,2023-02-28,Food,72.57,9,653.13
60,1818,32,2023-03-01,Home,118.19,2,236.38
61,1646,34,2023-03-02,Food,441.84,6,2651.04
62,1020,11,2023-03-03,Sports,14.96,8,119.68
63,1840,10,2023-03-04,Electronics,377.6,8,3020.8
64,1166,15,2023-03-05,Sports,239.52,7,1676.64
65,1273,17,2023-03-06,Electronics,226.15,4,904.6
66,1387,40,2023-03-07,Clothing,8.51,7,59.57
67,1600,18,2023-03-08,Sports,410.6,6,2463.6
68,1315,9,2023-03-09,Sports,183.11,6,1098.66
69,1013,25,2023-03-10,Home,272.68,2,545.36
70,1241,40,2023-03-11,Food,340.26,8,2722.08
71,1776,14,2023-03-12,Electronics,352.8,8,2822.4
72,1345,25,2023-03-13,Electronics,478.21,7,3347.47
73,1564,22,2023-03-14,Home,268.01,9,2412.09
74,1897,30,2023-03-15,Home,202.86,8,1622.88
75,1339,20,2023-03-16,Food,477.08,9,4293.72
76,1091,21,2023-03-17,Food,322.84,9,2905.56
77,1366,44,2023-03-18,Sports,152.58,6,915.48
78,1955,32,2023-03-19,Clothing,67.6,2,135.2
79,1454,46,2023-03-20,Food,422.06,7,2954.42
80,1427,49,2023-03-21,Home,184.28,3,552.84
81,1508,21,2023-03-22,Food,331.93,7,2323.51
82,1775,35,2023-03-23,Electronics,238.05,9,2142.45
83,1942,32,2023-03-24,Clothing,103.47,2,206.94
84,1034,30,2023-03-25,Sports,302.83,6,1816.98
85,1205,39,2023-03-26,Electronics,35.04,6,210.24
86,1080,49,2023-03-27,Electronics,209.6,9,1886.4
87,1931,12,2023-03-28,Clothing,275.57,9,2480.13
88,1561,41,2023-03-29,Sports,220.84,5,1104.2
89,1871,47,2023-03-30,Home,375.59,5,1877.95
90,1387,18,2023-03-31,Sports,414.82,9,3733.38
91,1001,21,2023-04-01,Food,386.77,8,3094.16
92,1389,13,2023-04-02,Electronics,24.21,7,169.47
93,1565,21,2023-04-03,Food,101.09,8,808.72
94,1105,8,2023-04-04,Home,270.62,6,1623.72
95,1771,46,2023-04-05,Food,467.74,3,1403.22
96,1821,40,2023-04-06,Sports,418.3,7,2928.1
97,1476,46,2023-04-07,Food,422.05,8,3376.4
98,1702,7,2023-04-08,Home,155.09,8,1240.72
99,1401,23,2023-04-09,Home,217.58,1,217.58
100,1729,44,2023-04-10,Home,238.0,7,1666.0
101,1555,32,2023-04-11,Sports,82.9,3,248.7
102,1161,11,2023-04-12,Home,20.38,2,40.76
103,1201,22,2023-04-13,Electronics,473.72,2,947.44
104,1957,22,2023-04-14,Home,124.15,8,993.2
105,1995,43,2023-04-15,Food,123.77,9,1113.93
106,1269,25,2023-04-16,Food,46.27,3,138.81
107,1862,22,2023-04-17,Food,464.61,3,1393.83
108,1815,28,2023-04-18,Sports,291.97,6,1751.82
109,1270,29,2023-04-19,Food,335.18,1,335.18
110,1455,13,2023-04-20,Sports,456.23,6,2737.38
111,1461,18,2023-04-21,Sports,176.08,3,528.24
112,1726,2,2023-04-22,Home,312.65,4,1250.6
113,1251,29,2023-04-23,Electronics,24.21,9,217.89
114,1701,21,2023-04-24,Home,97.45,3,292.35
115,1295,15,2023-04-25,Home,416.47,1,416.47
116,1724,27,2023-04-26,Sports,384.55,3,1153.65
117,1719,31,2023-04-27,Sports,178.57,7,1249.99
118,1748,15,2023-04-28,Food,191.52,7,1340.64
119,1337,23,2023-04-29,Food,269.11,5,1345.55
120,1878,24,2023-04-30,Home,5.12,1,5.12
121,1052,44,2023-05-01,Clothing,124.42,8,995.36
122,1791,13,2023-05-02,Clothing,108.07,8,864.56
123,1921,22,2023-05-03,Food,128.99,2,257.98
124,1216,43,2023-05-04,Clothing,403.92,3,1211.76
125,1763,37,2023-05-05,Food,143.44,4,573.76
126,1187,33,2023-05-06,Sports,99.8,1,99.8
127,1379,3,2023-05-07,Home,254.61,4,1018.44
128,1492,19,2023-05-08,Electronics,433.49,5,2167.45
129,1040,23,2023-05-09,Home,124.47,3,373.41
130,1156,29,2023-05-10,Food,43.88,2,87.76
131,1014,30,2023-05-11,Food,181.42,6,1088.52
132,1812,39,2023-05-12,Home,375.09,8,3000.72
133,1064,44,2023-05-13,Food,277.59,7,1943.13
134,1856,47,2023-05-14,Clothing,409.31,1,409.31
135,1838,25,2023-05-15,Clothing,480.0,4,1920.0
136,1520,37,2023-05-16,Food,397.37,3,1192.11
137,1343,47,2023-05-17,Food,303.88,6,1823.28
138,1128,8,2023-05-18,Clothing,249.2,9,2242.8
139,1647,42,2023-05-19,Food,24.83,9,223.47
140,1471,16,2023-05-20,Food,492.24,7,3445.68
141,1062,8,2023-05-21,Home,194.82,9,1753.38
142,1138,1,2023-05-22,Electronics,80.35,8,642.8
143,1498,44,2023-05-23,Clothing,335.02,5,1675.1
144,1592,5,2023-05-24,Home,145.72,9,1311.48
145,1391,3,2023-05-25,Electronics,294.96,7,2064.72
146,1674,1,2023-05-26,Food,295.45,5,1477.25
147,1418,4,2023-05-27,Food,225.64,8,1805.12
148,1288,40,2023-05-28,Home,418.88,7,2932.16
149,1378,35,2023-05-29,Food,136.16,9,1225.44
150,1772,32,2023-05-30,Sports,227.07,1,227.07
151,1489,42,2023-05-31,Home,271.16,9,2440.44
152,1230,34,2023-06-01,Electronics,333.49,7,2334.43
153,1040,43,2023-06-02,Home,393.07,1,393.07
154,1027,25,2023-06-03,Clothing,200.43,1,200.43
155,1134,10,2023-06-04,Home,324.79,5,1623.95
156,1200,21,2023-06-05,Food,79.55,8,636.4
157,1839,46,2023-06-06,Food,466.66,9,4199.94
158,1779,39,2023-06-07,Sports,194.61,6,1167.66
159,1929,27,2023-06-08,Sports,366.11,8,2928.88
160,1032,27,2023-06-09,Sports,15.07,6,90.42
161,1047,2,2023-06-10,Electronics,106.57,6,639.42
162,1502,41,2023-06-11,Sports,246.11,4,984.44
163,1406,48,2023-06-12,Electronics,439.73,5,2198.65
164,1573,13,2023-06-13,Sports,265.99,2,531.98
165,1727,9,2023-06-14,Electronics,465.29,3,1395.87
166,1804,36,2023-06-15,Home,244.48,3,733.44
167,1098,22,2023-06-16,Home,247.77,5,1238.85
168,1683,42,2023-06-17,Food,64.27,5,321.35
169,1871,26,2023-06-18,Electronics,402.31,6,2413.86
170,1725,12,2023-06-19,Clothing,127.25,5,636.25
171,1986,17,2023-06-20,Food,450.31,6,2701.86
172,1546,14,2023-06-21,Home,455.86,8,3646.88
173,1960,14,2023-06-22,Electronics,471.94,2,943.88
174,1738,34,2023-06-23,Sports,262.51,4,1050.04
175,1612,20,2023-06-24,Clothing,340.16,6,2040.96
176,1942,11,2023-06-25,Home,390.37,5,1951.85
177,1461,16,2023-06-26,Food,69.85,1,69.85
178,1642,31,2023-06-27,Electronics,302.47,9,2722.23
179,1768,6,2023-06-28,Clothing,21.98,3,65.94
180,1004,19,2023-06-29,Electronics,251.3,2,502.6
181,1217,37,2023-06-30,Sports,81.65,9,734.85
182,1502,4,2023-07-01,Food,95.55,7,668.85
183,1766,47,2023-07-02,Electronics,185.7,5,928.5
184,1397,4,2023-07-03,Home,219.06,6,1314.36
185,1870,20,2023-07-04,Food,313.47,4,1253.88
186,1794,10,2023-07-05,Home,41.84,1,41.84
187,1392,24,2023-07-06,Electronics,254.33,4,1017.32
188,1206,35,2023-07-07,Food,95.4,9,858.6
189,1014,26,2023-07-08,Home,289.12,1,289.12
190,1857,37,2023-07-09,Sports,320.52,3,961.56
191,1553,38,2023-07-10,Sports,280.57,5,1402.85
192,1891,21,2023-07-11,Electronics,370.46,7,2593.22
193,1460,40,2023-07-12,Food,171.13,9,1540.17
194,1690,39,2023-07-13,Clothing,383.73,6,2302.38
195,1574,21,2023-07-14,Food,219.22,3,657.66
196,1863,10,2023-07-15,Sports,244.67,7,1712.69
197,1742,38,2023-07-16,Home,325.81,4,1303.24
198,1240,46,2023-07-17,Clothing,14.09,3,42.27
199,1563,4,2023-07-18,Electronics,328.73,7,2301.11
200,1095,45,2023-07-19,Clothing,311.2,7,2178.4
201,1899,20,2023-07-20,Electronics,158.37,4,633.48
202,1733,17,2023-07-21,Clothing,47.47,7,332.29
203,1484,7,2023-07-22,Electronics,50.01,2,100.02
204,1406,4,2023-07-23,Electronics,462.0,1,462.0
205,1230,29,2023-07-24,Clothing,346.19,2,692.38
206,1748,14,2023-07-25,Clothing,67.92,4,271.68
207,1654,3,2023-07-26,Electronics,181.58,8,1452.64
208,1170,24,2023-07-27,Sports,298.28,3,894.84
209,1540,37,2023-07-28,Clothing,418.61,6,2511.66
210,1035,16,2023-07-29,Food,26.61,6,159.66
211,1524,4,2023-07-30,Home,122.13,9,1099.17
212,1159,24,2023-07-31,Electronics,445.43,9,4008.87
213,1838,34,2023-08-01,Electronics,9.54,4,38.16
214,1698,30,2023-08-02,Home,104.69,9,942.21
215,1242,18,2023-08-03,Sports,479.72,6,2878.32
216,1085,19,2023-08-04,Home,308.63,2,617.26
217,1795,31,2023-08-05,Clothing,134.53,6,807.18
218,1577,19,2023-08-06,Home,38.16,2,76.32
219,1681,49,2023-08-07,Electronics,18.95,8,151.6
220,1556,46,2023-08-08,Home,126.15,4,504.6
221,1573,19,2023-08-09,Food,441.34,5,2206.7
222,1952,22,2023-08-10,Clothing,210.88,8,1687.04
223,1645,24,2023-08-11,Home,361.57,8,2892.56
224,1795,45,2023-08-12,Electronics,459.55,6,2757.3
225,1027,12,2023-08-13,Clothing,206.98,4,827.92
226,1619,30,2023-08-14,Electronics,99.68,1,99.68
227,1555,38,2023-08-15,Sports,260.97,7,1826.79
228,1339,31,2023-08-16,Food,454.5,8,3636.0
229,1797,36,2023-08-17,Sports,403.17,9,3628.53
230,1957,19,2023-08-18,Food,37.59,2,75.18
231,1330,48,2023-08-19,Home,347.82,1,347.82
232,1639,45,2023-08-20,Clothing,288.09,4,1152.36
233,1505,36,2023-08-21,Home,454.19,5,2270.95
234,1347,30,2023-08-22,Food,65.63,1,65.63
235,1472,49,2023-08-23,Food,269.35,5,1346.75
236,1230,33,2023-08-24,Food,440.33,6,2641.98
237,1189,18,2023-08-25,Electronics,207.96,3,623.88
238,1224,49,2023-08-26,Clothing,243.59,7,1705.13
239,1384,28,2023-08-27,Home,39.88,6,239.28
240,1376,47,2023-08-28,Home,142.68,4,570.72
241,1282,11,2023-08-29,Sports,165.63,3,496.89
242,1957,45,2023-08-30,Food,472.84,5,2364.2
243,1632,33,2023-08-31,Food,144.92,3,434.76
244,1627,17,2023-09-01,Food,233.13,9,2098.17
245,1972,6,2023-09-02,Home,337.3,9,3035.7
246,1744,4,2023-09-03,Sports,85.28,6,511.68
247,1258,20,2023-09-04,Electronics,245.79,6,1474.74
248,1358,48,2023-09-05,Clothing,370.58,4,1482.32
249,1709,47,2023-09-06,Electronics,434.09,4,1736.36
250,1455,27,2023-09-07,Home,315.0,2,630.0
251,1410,15,2023-09-08,Food,336.18,4,1344.72
252,1648,6,2023-09-09,Clothing,67.51,8,540.08
253,1317,47,2023-09-10,Home,473.16,2,946.32
254,1676,14,2023-09-11,Home,70.62,9,635.58
255,1224,11,2023-09-12,Home,388.46,1,388.46
256,1818,39,2023-09-13,Clothing,136.08,2,272.16
257,1233,9,2023-09-14,Clothing,467.13,2,934.26
258,1683,26,2023-09-15,Sports,361.38,6,2168.28
259,1663,16,2023-09-16,Sports,378.14,7,2646.98
260,1974,5,2023-09-17,Electronics,113.43,3,340.29
261,1826,10,2023-09-18,Clothing,224.3,9,2018.7
262,1373,3,2023-09-19,Clothing,310.82,5,1554.1
263,1671,13,2023-09-20,Clothing,386.14,5,1930.7
264,1607,43,2023-09-21,Sports,56.46,4,225.84
265,1471,49,2023-09-22,Home,481.37,9,4332.33
266,1232,30,2023-09-23,Food,445.66,8,3565.28
267,1691,45,2023-09-24,Sports,138.82,4,555.28
268,1112,6,2023-09-25,Clothing,412.27,4,1649.08
269,1829,17,2023-09-26,Sports,261.57,2,523.14
270,1496,45,2023-09-27,Electronics,233.59,9,2102.31
271,1441,19,2023-09-28,Clothing,160.64,3,481.92
272,1563,42,2023-09-29,Electronics,292.58,4,1170.32
273,1267,35,2023-09-30,Clothing,366.3,7,2564.1
274,1509,46,2023-10-01,Sports,208.41,8,1667.28
275,1806,26,2023-10-02,Home,316.46,8,2531.68
276,1385,5,2023-10-03,Food,351.16,4,1404.64
277,1386,29,2023-10-04,Electronics,357.01,7,2499.07
278,1112,37,2023-10-05,Sports,30.72,1,30.72
279,1612,20,2023-10-06,Home,430.58,6,2583.48
280,1624,49,2023-10-07,Sports,231.84,6,1391.04
281,1951,21,2023-10-08,Electronics,134.9,6,809.4
282,1080,10,2023-10-09,Food,124.67,2,249.34
283,1698,5,2023-10-10,Sports,244.09,8,1952.72
284,1112,36,2023-10-11,Clothing,443.98,5,2219.9
285,1001,6,2023-10-12,Home,192.28,5,961.4
286,1641,26,2023-10-13,Sports,376.11,2,752.22
287,1219,4,2023-10-14,Home,52.93,4,211.72
288,1565,39,2023-10-15,Clothing,240.65,9,2165.85
289,1854,39,2023-10-16,Food,495.88,9,4462.92
290,1996,35,2023-10-17,Food,386.37,6,2318.22
291,1735,1,2023-10-18,Clothing,109.21,9,982.89
292,1224,24,2023-10-19,Home,253.21,4,1012.84
293,1384,36,2023-10-20,Sports,120.64,1,120.64
294,1402,6,2023-10-21,Clothing,207.73,2,415.46
295,1637,41,2023-10-22,Electronics,391.14,1,391.14
296,1129,46,2023-10-23,Home,386.76,8,3094.08
297,1052,44,2023-10-24,Food,117.91,9,1061.19
298,1683,31,2023-10-25,Clothing,461.5,6,2769.0
299,1729,20,2023-10-26,Food,298.32,2,596.64
300,1671,24,2023-10-27,Home,193.06,6,1158.36
301,1709,25,2023-10-28,Food,253.46,9,2281.14
302,1415,36,2023-10-29,Clothing,304.51,3,913.53
303,1246,21,2023-10-30,Home,282.15,9,2539.35
304,1835,30,2023-10-31,Electronics,245.77,2,491.54
305,1438,24,2023-11-01,Clothing,254.94,5,1274.7
306,1202,44,2023-11-02,Sports,92.32,2,184.64
307,1183,42,2023-11-03,Clothing,407.3,7,2851.1
308,1122,30,2023-11-04,Home,273.17,9,2458.53
309,1400,22,2023-11-05,Clothing,69.88,7,489.16
310,1766,28,2023-11-06,Electronics,384.25,5,1921.25
311,1293,7,2023-11-07,Electronics,466.56,4,1866.24
312,1279,35,2023-11-08,Sports,473.92,4,1895.68
313,1836,28,2023-11-09,Food,187.66,8,1501.28
314,1883,14,2023-11-10,Home,72.08,1,72.08
315,1609,10,2023-11-11,Home,261.61,5,1308.05
316,1197,16,2023-11-12,Food,60.74,2,121.48
317,1981,16,2023-11-13,Electronics,467.32,9,4205.88
318,1906,31,2023-11-14,Electronics,95.87,7,671.09
319,1510,42,2023-11-15,Clothing,130.12,8,1040.96
320,1751,25,2023-11-16,Sports,206.29,6,1237.74
321,1143,13,2023-11-17,Sports,194.67,9,1752.03
322,1608,6,2023-11-18,Sports,398.36,6,2390.16
323,1200,44,2023-11-19,Clothing,230.88,7,1616.16
324,1123,9,2023-11-20,Sports,89.53,7,626.71
325,1186,45,2023-11-21,Food,137.27,9,1235.43
326,1325,36,2023-11-22,Clothing,257.01,8,2056.08
327,1463,43,2023-11-23,Food,77.99,1,77.99
328,1348,20,2023-11-24,Clothing,307.77,4,1231.08
329,1770,18,2023-11-25,Sports,285.04,7,1995.28
330,1659,43,2023-11-26,Food,358.78,8,2870.24
331,1763,21,2023-11-27,Food,469.16,7,3284.12
332,1954,4,2023-11-28,Food,456.57,3,1369.71
333,1931,33,2023-11-29,Clothing,473.31,4,1893.24
334,1402,27,2023-11-30,Home,126.13,7,882.91
335,1345,7,2023-12-01,Sports,70.12,8,560.96
336,1962,6,2023-12-02,Food,154.63,7,1082.41
337,1510,15,2023-12-03,Home,448.07,6,2688.42
338,1146,18,2023-12-04,Sports,486.17,9,4375.53
339,1147,32,2023-12-05,Sports,430.37,9,3873.33
340,1863,11,2023-12-06,Food,59.46,7,416.22
341,1710,20,2023-12-07,Food,473.98,8,3791.84
342,1819,24,2023-12-08,Clothing,214.56,6,1287.36
343,1488,15,2023-12-09,Home,9.61,1,9.61
344,1928,48,2023-12-10,Home,223.98,1,223.98
345,1935,7,2023-12-11,Food,27.8,6,166.8
346,1639,21,2023-12-12,Sports,274.22,2,548.44
347,1550,42,2023-12-13,Food,172.58,8,1380.64
348,1337,26,2023-12-14,Sports,239.35,1,239.35
349,1871,44,2023-12-15,Sports,308.52,2,617.04
350,1640,14,2023-12-16,Food,435.06,8,3480.48
351,1778,37,2023-12-17,Electronics,332.64,6,1995.84
352,1987,21,2023-12-18,Home,219.85,2,439.7
353,1952,18,2023-12-19,Sports,410.62,2,821.24
354,1472,5,2023-12-20,Sports,453.26,7,3172.82
355,1945,3,2023-12-21,Electronics,64.28,5,321.4
356,1150,23,2023-12-22,Clothing,268.31,5,1341.55
357,1414,26,2023-12-23,Electronics,145.83,8,1166.64
358,1989,37,2023-12-24,Electronics,28.3,7,198.1
359,1297,24,2023-12-25,Sports,335.93,9,3023.37
360,1610,49,2023-12-26,Home,432.07,4,1728.28
361,1262,19,2023-12-27,Electronics,85.64,4,342.56
362,1763,25,2023-12-28,Clothing,407.14,2,814.28
363,1143,21,2023-12-29,Food,427.43,3,1282.29
364,1345,12,2023-12-30,Electronics,457.6,1,457.6
365,1623,41,2023-12-31,Electronics,136.32,1,136.32
366,1571,33,2024-01-01,Clothing,452.46,7,3167.22
367,1880,4,2024-01-02,Home,163.73,5,818.65
368,1001,42,2024-01-03,Electronics,278.41,3,835.23
369,1896,7,2024-01-04,Electronics,30.0,7,210.0
370,1303,22,2024-01-05,Home,26.72,2,53.44
371,1253,33,2024-01-06,Clothing,361.58,3,1084.74
372,1651,17,2024-01-07,Electronics,225.02,1,225.02
373,1452,24,2024-01-08,Home,131.86,8,1054.88
374,1036,34,2024-01-09,Electronics,99.25,2,198.5
375,1159,28,2024-01-10,Food,336.63,7,2356.41
376,1008,43,2024-01-11,Sports,5.2,9,46.8
377,1232,41,2024-01-12,Food,403.92,6,2423.52
378,1098,39,2024-01-13,Electronics,44.23,2,88.46
379,1658,22,2024-01-14,Clothing,99.79,2,199.58
380,1815,49,2024-01-15,Sports,196.19,9,1765.71
381,1207,17,2024-01-16,Food,245.01,8,1960.08
382,1130,34,2024-01-17,Home,180.72,9,1626.48
383,1403,6,2024-01-18,Clothing,163.75,4,655.0
384,1151,46,2024-01-19,Food,482.14,4,1928.56
385,1053,6,2024-01-20,Home,322.58,2,645.16
386,1119,34,2024-01-21,Electronics,16.6,1,16.6
387,1672,1,2024-01-22,Home,217.94,4,871.76
388,1919,10,2024-01-23,Food,438.13,8,3505.04
389,1627,21,2024-01-24,Food,154.22,2,308.44
390,1586,5,2024-01-25,Electronics,51.81,8,414.48
391,1624,2,2024-01-26,Home,380.4,1,380.4
392,1967,22,2024-01-27,Home,304.98,1,304.98
393,1419,48,2024-01-28,Electronics,287.3,4,1149.2
394,1421,2,2024-01-29,Home,31.52,7,220.64
395,1103,10,2024-01-30,Electronics,74.55,9,670.95
396,1851,34,2024-01-31,Clothing,313.16,5,1565.8
397,1253,16,2024-02-01,Food,107.87,2,215.74
398,1226,48,2024-02-02,Clothing,254.51,7,1781.57
399,1111,39,2024-02-03,Sports,274.72,2,549.44
400,1509,22,2024-02-04,Sports,145.34,9,1308.06
401,1472,12,2024-02-05,Sports,474.47,9,4270.23
402,1098,24,2024-02-06,Electronics,422.02,3,1266.06
403,1152,47,2024-02-07,Home,362.57,8,2900.56
404,1860,40,2024-02-08,Clothing,43.61,4,174.44
405,1913,38,2024-02-09,Clothing,57.53,3,172.59
406,1895,10,2024-02-10,Clothing,248.93,1,248.93
407,1877,35,2024-02-11,Clothing,84.55,5,422.75
408,1337,49,2024-02-12,Sports,489.24,4,1956.96
409,1705,32,2024-02-13,Clothing,83.47,1,83.47
410,1821,7,2024-02-14,Home,246.3,8,1970.4
411,1162,21,2024-02-15,Sports,185.24,8,1481.92
412,1719,20,2024-02-16,Clothing,321.5,8,2572.0
413,1956,26,2024-02-17,Electronics,68.87,3,206.61
414,1680,4,2024-02-18,Food,218.01,6,1308.06
415,1995,46,2024-02-19,Food,140.98,7,986.86
416,1160,22,2024-02-20,Food,444.44,9,3999.96
417,1579,15,2024-02-21,Sports,25.09,5,125.45
418,1800,40,2024-02-22,Clothing,457.3,9,4115.7
419,1397,21,2024-02-23,Sports,417.33,6,2503.98
420,1276,15,2024-02-24,Home,152.3,4,609.2
421,1815,22,2024-02-25,Electronics,395.7,1,395.7
422,1915,28,2024-02-26,Electronics,20.45,1,20.45
423,1503,14,2024-02-27,Food,483.6,5,2418.0
424,1895,27,2024-02-28,Food,265.66,3,796.98
425,1391,41,2024-02-29,Food,155.12,5,775.6
426,1134,40,2024-03-01,Clothing,184.48,5,922.4
427,1194,28,2024-03-02,Home,37.87,1,37.87
428,1400,26,2024-03-03,Home,494.73,8,3957.84
429,1639,49,2024-03-04,Home,24.45,5,122.25
430,1032,2,2024-03-05,Home,329.18,5,1645.9
431,1687,25,2024-03-06,Food,224.15,9,2017.35
432,1459,3,2024-03-07,Electronics,474.71,8,3797.68
433,1954,8,2024-03-08,Food,126.77,1,126.77
434,1882,44,2024-03-09,Home,268.38,3,805.14
435,1469,33,2024-03-10,Food,243.77,7,1706.39
436,1374,42,2024-03-11,Home,352.92,1,352.92
437,1021,35,2024-03-12,Sports,38.67,1,38.67
438,1749,6,2024-03-13,Electronics,100.93,5,504.65
439,1669,39,2024-03-14,Sports,111.21,9,1000.89
440,1037,23,2024-03-15,Clothing,370.38,6,2222.28
441,1229,25,2024-03-16,Food,98.62,2,197.24
442,1364,43,2024-03-17,Clothing,288.88,9,2599.92
443,1562,19,2024-03-18,Food,111.55,6,669.3
444,1437,5,2024-03-19,Sports,431.5,5,2157.5
445,1775,11,2024-03-20,Home,471.38,5,2356.9
446,1282,12,2024-03-21,Home,261.65,3,784.95
447,1026,10,2024-03-22,Food,179.39,6,1076.34
448,1225,8,2024-03-23,Home,120.86,4,483.44
449,1276,24,2024-03-24,Sports,29.64,2,59.28
450,1797,28,2024-03-25,Home,137.91,3,413.73
451,1608,41,2024-03-26,Sports,328.85,9,2959.65
452,1283,36,2024-03-27,Clothing,269.14,9,2422.26
453,1878,37,2024-03-28,Sports,472.3,6,2833.8
454,1959,21,2024-03-29,Electronics,201.16,9,1810.44
455,1480,8,2024-03-30,Electronics,348.46,4,1393.84
456,1452,9,2024-03-31,Electronics,247.21,5,1236.05
457,1828,47,2024-04-01,Food,258.73,6,1552.38
458,1815,15,2024-04-02,Food,137.55,9,1237.95
459,1658,48,2024-04-03,Food,230.2,5,1151.0
460,1515,46,2024-04-04,Sports,238.04,8,1904.32
461,1546,40,2024-04-05,Food,354.79,1,354.79
462,1191,18,2024-04-06,Clothing,470.62,5,2353.1
463,1048,42,2024-04-07,Electronics,168.01,1,168.01
464,1511,20,2024-04-08,Sports,25.89,6,155.34
465,1016,6,2024-04-09,Electronics,250.67,7,1754.69
466,1171,12,2024-04-10,Food,274.51,5,1372.55
467,1219,2,2024-04-11,Sports,88.38,1,88.38
468,1157,7,2024-04-12,Home,381.43,6,2288.58
469,1476,16,2024-04-13,Clothing,492.54,5,2462.7
470,1045,3,2024-04-14,Food,473.16,6,2838.96
471,1372,45,2024-04-15,Food,102.57,7,717.99
472,1517,3,2024-04-16,Clothing,438.3,7,3068.1
473,1098,27,2024-04-17,Clothing,353.72,2,707.44
474,1891,43,2024-04-18,Home,229.65,3,688.95
475,1744,40,2024-04-19,Food,272.6,6,1635.6
476,1036,38,2024-04-20,Food,425.55,3,1276.65
477,1279,33,2024-04-21,Electronics,242.67,2,485.34
478,1348,28,2024-04-22,Sports,189.74,4,758.96
479,1496,1,2024-04-23,Sports,249.16,5,1245.8
480,1301,8,2024-04-24,Electronics,291.67,9,2625.03
481,1180,37,2024-04-25,Sports,98.59,3,295.77
482,1606,32,2024-04-26,Clothing,450.95,3,1352.85
483,1098,48,2024-04-27,Sports,338.72,6,2032.32
484,1699,43,2024-04-28,Sports,318.47,5,1592.35
485,1992,37,2024-04-29,Electronics,54.25,6,325.5
486,1115,4,2024-04-30,Home,304.07,7,2128.49
487,1190,30,2024-05-01,Sports,64.88,3,194.64
488,1252,6,2024-05-02,Sports,43.96,5,219.8
489,1980,46,2024-05-03,Home,266.02,8,2128.16
490,1927,19,2024-05-04,Electronics,204.38,4,817.52
491,1982,32,2024-05-05,Home,296.46,2,592.92
492,1160,9,2024-05-06,Electronics,49.16,4,196.64
493,1255,12,2024-05-07,Clothing,218.34,2,436.68
494,1322,11,2024-05-08,Electronics,91.52,3,274.56
495,1127,46,2024-05-09,Clothing,493.61,4,1974.44
496,1017,16,2024-05-10,Clothing,282.77,4,1131.08
497,1792,1,2024-05-11,Electronics,345.28,9,3107.52
498,1734,45,2024-05-12,Food,166.08,6,996.48
499,1565,21,2024-05-13,Electronics,51.9,9,467.1
500,1569,30,2024-05-14,Sports,488.06,4,1952.24
501,1322,13,2024-05-15,Sports,146.7,9,1320.3
502,1871,34,2024-05-16,Food,214.79,9,1933.11
503,1685,4,2024-05-17,Clothing,326.68,6,1960.08
504,1791,28,2024-05-18,Food,17.23,5,86.15
505,1625,38,2024-05-19,Sports,406.08,3,1218.24
506,1287,31,2024-05-20,Food,270.61,5,1353.05
507,1942,27,2024-05-21,Electronics,142.72,3,428.16
508,1853,5,2024-05-22,Food,35.5,5,177.5
509,1662,25,2024-05-23,Clothing,85.44,5,427.2
510,1961,3,2024-05-24,Electronics,448.04,2,896.08
511,1638,33,2024-05-25,Home,344.58,9,3101.22
512,1154,4,2024-05-26,Sports,128.7,7,900.9
513,1489,25,2024-05-27,Sports,37.47,6,224.82
514,1385,20,2024-05-28,Food,346.85,5,1734.25
515,1985,34,2024-05-29,Electronics,288.34,4,1153.36
516,1784,26,2024-05-30,Home,205.24,8,1641.92
517,1103,5,2024-05-31,Electronics,184.99,2,369.98
518,1928,35,2024-06-01,Sports,112.32,8,898.56
519,1392,28,2024-06-02,Electronics,336.46,1,336.46
520,1810,29,2024-06-03,Home,485.48,1,485.48
521,1245,9,2024-06-04,Food,91.98,3,275.94
522,1175,38,2024-06-05,Clothing,300.57,5,1502.85
523,1038,6,2024-06-06,Electronics,214.97,6,1289.82
524,1476,19,2024-06-07,Clothing,226.11,4,904.44
525,1681,44,2024-06-08,Sports,130.8,7,915.6
526,1758,11,2024-06-09,Food,413.44,7,2894.08
527,1537,2,2024-06-10,Food,245.2,2,490.4
528,1866,47,2024-06-11,Electronics,273.99,2,547.98
529,1817,44,2024-06-12,Food,155.86,2,311.72
530,1920,44,2024-06-13,Electronics,95.0,2,190.0
531,1407,9,2024-06-14,Electronics,47.53,9,427.77
532,1524,21,2024-06-15,Clothing,358.49,5,1792.45
533,1827,24,2024-06-16,Food,102.14,8,817.12
534,1505,34,2024-06-17,Electronics,346.59,5,1732.95
535,1902,22,2024-06-18,Clothing,198.24,5,991.2
536,1824,3,2024-06-19,Home,210.81,1,210.81
537,1035,12,2024-06-20,Clothing,237.24,6,1423.44
538,1684,28,2024-06-21,Clothing,187.02,4,748.08
539,1019,30,2024-06-22,Electronics,54.81,3,164.43
540,1320,26,2024-06-23,Sports,158.27,6,949.62
541,1775,48,2024-06-24,Sports,333.55,2,667.1
542,1511,21,2024-06-25,Sports,334.56,8,2676.48
543,1399,28,2024-06-26,Clothing,146.68,1,146.68
544,1653,26,2024-06-27,Electronics,232.75,9,2094.75
545,1971,33,2024-06-28,Food,100.76,8,806.08
546,1882,21,2024-06-29,Clothing,109.13,1,109.13
547,1470,35,2024-06-30,Clothing,16.41,9,147.69
548,1142,34,2024-07-01,Electronics,448.89,2,897.78
549,1091,41,2024-07-02,Home,109.3,3,327.9
550,1353,47,2024-07-03,Clothing,117.63,2,235.26
551,1833,18,2024-07-04,Home,143.4,8,1147.2
552,1799,11,2024-07-05,Home,68.07,2,136.14
553,1726,23,2024-07-06,Sports,321.44,2,642.88
554,1958,48,2024-07-07,Electronics,42.2,1,42.2
555,1853,22,2024-07-08,Home,71.43,7,500.01
556,1050,17,2024-07-09,Electronics,324.15,2,648.3
557,1664,5,2024-07-10,Sports,173.13,5,865.65
558,1697,44,2024-07-11,Electronics,355.43,5,1777.15
559,1574,11,2024-07-12,Clothing,280.93,3,842.79
560,1189,30,2024-07-13,Home,131.73,3,395.19
561,1124,15,2024-07-14,Electronics,327.16,3,981.48
562,1149,27,2024-07-15,Food,62.56,6,375.36
563,1313,35,2024-07-16,Electronics,270.52,4,1082.08
564,1569,33,2024-07-17,Home,221.39,3,664.17
565,1341,20,2024-07-18,Sports,137.6,2,275.2
566,1304,16,2024-07-19,Sports,303.98,3,911.94
567,1691,34,2024-07-20,Home,436.31,4,1745.24
568,1681,2,2024-07-21,Clothing,499.46,6,2996.76
569,1837,35,2024-07-22,Clothing,305.84,4,1223.36
570,1782,40,2024-07-23,Sports,205.33,8,1642.64
571,1053,28,2024-07-24,Sports,116.48,3,349.44
572,1443,47,2024-07-25,Home,132.26,3,396.78
573,1612,39,2024-07-26,Clothing,242.33,3,726.99
574,1992,6,2024-07-27,Sports,186.8,8,1494.4
575,1263,9,2024-07-28,Clothing,457.34,4,1829.36
576,1052,20,2024-07-29,Sports,187.31,1,187.31
577,1571,1,2024-07-30,Electronics,189.86,2,379.72
578,1619,8,2024-07-31,Food,194.85,2,389.7
579,1004,23,2024-08-01,Electronics,419.13,3,1257.39
580,1102,3,2024-08-02,Sports,327.14,6,1962.84
581,1195,4,2024-08-03,Food,309.01,8,2472.08
582,1773,25,2024-08-04,Food,170.4,1,170.4
583,1876,47,2024-08-05,Sports,409.86,9,3688.74
584,1991,38,2024-08-06,Sports,23.99,1,23.99
585,1883,15,2024-08-07,Clothing,436.04,2,872.08
586,1349,21,2024-08-08,Sports,258.81,3,776.43
587,1046,35,2024-08-09,Home,202.13,7,1414.91
588,1866,46,2024-08-10,Sports,251.1,9,2259.9
589,1822,14,2024-08-11,Home,335.37,3,1006.11
590,1935,36,2024-08-12,Sports,11.32,8,90.56
591,1819,12,2024-08-13,Clothing,436.42,9,3927.78
592,1655,17,2024-08-14,Home,226.14,7,1582.98
593,1268,39,2024-08-15,Electronics,174.77,4,699.08
594,1369,9,2024-08-16,Home,73.43,4,293.72
595,1635,35,2024-08-17,Clothing,222.54,4,890.16
596,1105,13,2024-08-18,Home,250.68,6,1504.08
597,1669,15,2024-08-19,Sports,204.81,4,819.24
598,1658,18,2024-08-20,Sports,340.94,5,1704.7
599,1656,33,2024-08-21,Clothing,213.34,9,1920.06
600,1119,6,2024-08-22,Food,480.9,7,3366.3
601,1830,27,2024-08-23,Sports,301.64,8,2413.12
602,1786,23,2024-08-24,Electronics,404.7,5,2023.5
603,1603,27,2024-08-25,Clothing,59.13,5,295.65
604,1057,34,2024-08-26,Home,201.66,7,1411.62
605,1950,46,2024-08-27,Home,171.74,8,1373.92
606,1345,38,2024-08-28,Electronics,286.89,9,2582.01
607,1740,14,2024-08-29,Sports,431.25,2,862.5
608,1473,36,2024-08-30,Clothing,43.78,3,131.34
609,1116,8,2024-08-31,Electronics,40.92,2,81.84
610,1829,35,2024-09-01,Sports,425.91,7,2981.37
611,1790,19,2024-09-02,Clothing,110.36,2,220.72
612,1126,30,2024-09-03,Home,336.03,2,672.06
613,1392,14,2024-09-04,Clothing,273.72,2,547.44
614,1907,20,2024-09-05,Food,417.28,4,1669.12
615,1640,49,2024-09-06,Clothing,66.92,1,66.92
616,1057,25,2024-09-07,Food,69.24,2,138.48
617,1633,40,2024-09-08,Clothing,280.63,3,841.89
618,1512,24,2024-09-09,Food,473.46,7,3314.22
619,1750,14,2024-09-10,Home,210.42,1,210.42
620,1801,26,2024-09-11,Sports,166.84,6,1001.04
621,1095,38,2024-09-12,Food,305.31,3,915.93
622,1637,23,2024-09-13,Food,465.57,3,1396.71
623,1117,22,2024-09-14,Home,419.28,4,1677.12
624,1559,48,2024-09-15,Food,497.76,4,1991.04
625,1600,19,2024-09-16,Electronics,16.17,7,113.19
626,1487,46,2024-09-17,Home,60.86,3,182.58
627,1236,3,2024-09-18,Electronics,306.69,8,2453.52
628,1884,42,2024-09-19,Home,411.19,8,3289.52
629,1896,19,2024-09-20,Food,146.2,7,1023.4
630,1271,9,2024-09-21,Electronics,123.41,2,246.82
631,1188,28,2024-09-22,Food,394.55,5,1972.75
632,1998,20,2024-09-23,Home,32.91,6,197.46
633,1703,45,2024-09-24,Food,187.84,4,751.36
634,1446,7,2024-09-25,Electronics,255.38,5,1276.9
635,1580,14,2024-09-26,Electronics,282.37,9,2541.33
636,1789,9,2024-09-27,Food,365.66,7,2559.62
637,1860,19,2024-09-28,Clothing,180.65,2,361.3
638,1246,47,2024-09-29,Home,308.28,1,308.28
639,1962,14,2024-09-30,Home,294.76,2,589.52
640,1075,38,2024-10-01,Food,276.07,3,828.21
641,1153,36,2024-10-02,Clothing,322.04,2,644.08
642,1655,40,2024-10-03,Electronics,133.43,3,400.29
643,1434,17,2024-10-04,Sports,46.9,9,422.1
644,1996,30,2024-10-05,Sports,64.04,4,256.16
645,1085,9,2024-10-06,Food,116.17,9,1045.53
646,1696,33,2024-10-07,Clothing,252.6,3,757.8
647,1284,25,2024-10-08,Clothing,421.02,1,421.02
648,1973,14,2024-10-09,Home,352.14,5,1760.7
649,1219,11,2024-10-10,Electronics,395.58,2,791.16
650,1068,35,2024-10-11,Clothing,178.73,4,714.92
651,1046,41,2024-10-12,Sports,205.3,2,410.6
652,1093,14,2024-10-13,Electronics,199.87,2,399.74
653,1749,30,2024-10-14,Electronics,99.98,3,299.94
654,1957,41,2024-10-15,Food,35.3,5,176.5
655,1452,4,2024-10-16,Clothing,297.5,4,1190.0
656,1203,4,2024-10-17,Food,494.66,2,989.32
657,1911,28,2024-10-18,Clothing,87.58,2,175.16
658,1217,8,2024-10-19,Home,28.11,6,168.66
659,1473,2,2024-10-20,Food,390.87,7,2736.09
660,1431,41,2024-10-21,Food,130.03,6,780.18
661,1340,46,2024-10-22,Sports,415.67,7,2909.69
662,1550,22,2024-10-23,Food,353.45,1,353.45
663,1611,41,2024-10-24,Clothing,473.11,6,2838.66
664,1288,16,2024-10-25,Sports,207.42,3,622.26
665,1253,29,2024-10-26,Food,332.68,1,332.68
666,1733,49,2024-10-27,Food,235.1,8,1880.8
667,1356,48,2024-10-28,Home,317.14,4,1268.56
668,1022,30,2024-10-29,Food,227.55,8,1820.4
669,1761,12,2024-10-30,Electronics,98.37,4,393.48
670,1521,35,2024-10-31,Sports,256.41,4,1025.64
671,1757,11,2024-11-01,Electronics,266.65,4,1066.6
672,1836,46,2024-11-02,Sports,406.25,6,2437.5
673,1099,21,2024-11-03,Home,369.08,9,3321.72
674,1801,21,2024-11-04,Food,333.58,5,1667.9
675,1179,5,2024-11-05,Food,61.13,8,489.04
676,1222,48,2024-11-06,Food,361.71,8,2893.68
677,1905,20,2024-11-07,Sports,252.65,4,1010.6
678,1761,37,2024-11-08,Food,447.58,9,4028.22
679,1658,3,2024-11-09,Electronics,460.34,9,4143.06
680,1441,44,2024-11-10,Food,32.3,5,161.5
681,1607,33,2024-11-11,Home,411.22,6,2467.32
682,1768,9,2024-11-12,Electronics,23.66,5,118.3
683,1324,9,2024-11-13,Food,186.75,3,560.25
684,1515,4,2024-11-14,Food,273.44,8,2187.52
685,1015,35,2024-11-15,Clothing,78.31,9,704.79
686,1791,17,2024-11-16,Sports,374.43,4,1497.72
687,1335,34,2024-11-17,Electronics,9.14,9,82.26
688,1758,24,2024-11-18,Clothing,88.46,9,796.14
689,1257,32,2024-11-19,Home,292.49,7,2047.43
690,1496,1,2024-11-20,Sports,358.62,8,2868.96
691,1987,8,2024-11-21,Electronics,458.74,3,1376.22
692,1895,45,2024-11-22,Food,354.22,5,1771.1
693,1159,23,2024-11-23,Electronics,337.53,3,1012.59
694,1474,47,2024-11-24,Food,200.2,7,1401.4
695,1851,40,2024-11-25,Sports,5.64,6,33.84
696,1663,12,2024-11-26,Food,64.48,3,193.44
697,1907,12,2024-11-27,Home,269.6,9,2426.4
698,1689,46,2024-11-28,Food,339.19,1,339.19
699,1674,47,2024-11-29,Home,211.64,3,634.92
700,1379,15,2024-11-30,Sports,366.69,7,2566.83
701,1544,41,2024-12-01,Sports,263.32,3,789.96
702,1928,19,2024-12-02,Electronics,41.72,3,125.16
703,1956,26,2024-12-03,Home,100.05,2,200.1
704,1690,29,2024-12-04,Home,420.8,9,3787.2
705,1426,22,2024-12-05,Clothing,363.83,4,1455.32
706,1612,40,2024-12-06,Clothing,447.91,6,2687.46
707,1267,21,2024-12-07,Clothing,63.19,2,126.38
708,1834,38,2024-12-08,Food,495.16,9,4456.44
709,1576,20,2024-12-09,Clothing,108.66,7,760.62
710,1416,29,2024-12-10,Home,10.83,5,54.15
711,1167,4,2024-12-11,Food,498.72,7,3491.04
712,1841,7,2024-12-12,Sports,144.13,4,576.52
713,1042,28,2024-12-13,Electronics,335.67,7,2349.69
714,1555,28,2024-12-14,Clothing,92.46,2,184.92
715,1284,4,2024-12-15,Sports,292.21,7,2045.47
716,1396,22,2024-12-16,Home,452.5,4,1810.0
717,1011,12,2024-12-17,Electronics,163.49,4,653.96
718,1606,45,2024-12-18,Sports,336.78,1,336.78
719,1301,3,2024-12-19,Electronics,98.01,3,294.03
720,1897,22,2024-12-20,Clothing,314.27,5,1571.35
721,1252,44,2024-12-21,Home,171.54,5,857.7
722,1498,2,2024-12-22,Electronics,109.55,2,219.1
723,1753,24,2024-12-23,Sports,160.03,4,640.12
724,1034,34,2024-12-24,Clothing,93.53,1,93.53
725,1726,27,2024-12-25,Clothing,451.45,9,4063.05
726,1848,41,2024-12-26,Sports,201.61,1,201.61
727,1089,1,2024-12-27,Sports,126.41,6,758.46
728,1775,8,2024-12-28,Electronics,226.96,7,1588.72
729,1604,23,2024-12-29,Food,163.67,3,491.01
730,1921,38,2024-12-30,Clothing,373.49,1,373.49
731,1969,6,2024-12-31,Electronics,485.75,7,3400.25
732,1601,22,2025-01-01,Sports,221.83,3,665.49
733,1417,25,2025-01-02,Electronics,431.21,6,2587.26
734,1114,18,2025-01-03,Sports,285.1,6,1710.6
735,1616,17,2025-01-04,Home,82.83,4,331.32
736,1902,12,2025-01-05,Sports,346.86,6,2081.16
737,1195,6,2025-01-06,Sports,259.15,4,1036.6
738,1825,26,2025-01-07,Sports,327.05,8,2616.4
739,1500,27,2025-01-08,Food,445.4,9,4008.6
740,1625,8,2025-01-09,Sports,223.02,2,446.04
741,1492,19,2025-01-10,Clothing,451.08,7,3157.56
742,1074,42,2025-01-11,Clothing,376.58,9,3389.22
743,1412,1,2025-01-12,Electronics,246.86,9,2221.74
744,1375,29,2025-01-13,Food,303.59,5,1517.95
745,1419,45,2025-01-14,Electronics,166.16,1,166.16
746,1728,49,2025-01-15,Clothing,491.88,6,2951.28
747,1276,35,2025-01-16,Clothing,335.34,8,2682.72
748,1760,40,2025-01-17,Home,26.7,1,26.7
749,1675,14,2025-01-18,Sports,166.68,2,333.36
750,1393,35,2025-01-19,Clothing,313.54,1,313.54
751,1868,48,2025-01-20,Electronics,32.88,5,164.4
752,1456,45,2025-01-21,Electronics,16.82,2,33.64
753,1919,20,2025-01-22,Sports,227.76,4,911.04
754,1191,49,2025-01-23,Sports,169.68,1,169.68
755,1738,13,2025-01-24,Home,221.96,7,1553.72
756,1688,38,2025-01-25,Food,135.03,8,1080.24
757,1098,49,2025-01-26,Electronics,86.54,5,432.7
758,1547,46,2025-01-27,Sports,346.13,2,692.26
759,1977,49,2025-01-28,Electronics,259.71,8,2077.68
760,1998,8,2025-01-29,Sports,104.08,1,104.08
761,1095,43,2025-01-30,Clothing,163.2,7,1142.4
762,1663,20,2025-01-31,Electronics,297.94,1,297.94
763,1662,33,2025-02-01,Clothing,40.75,6,244.5
764,1189,26,2025-02-02,Electronics,77.99,6,467.94
765,1735,39,2025-02-03,Food,41.26,5,206.3
766,1036,21,2025-02-04,Home,407.1,2,814.2
767,1779,49,2025-02-05,Clothing,377.44,2,754.88
768,1368,42,2025-02-06,Sports,377.89,9,3401.01
769,1694,43,2025-02-07,Food,359.58,5,1797.9
770,1524,41,2025-02-08,Electronics,336.35,5,1681.75
771,1278,9,2025-02-09,Clothing,241.11,7,1687.77
772,1216,24,2025-02-10,Electronics,322.93,6,1937.58
773,1866,37,2025-02-11,Electronics,23.99,2,47.98
774,1872,49,2025-02-12,Electronics,312.62,1,312.62
775,1797,41,2025-02-13,Home,390.05,5,1950.25
776,1272,17,2025-02-14,Home,252.68,4,1010.72
777,1880,24,2025-02-15,Sports,181.97,3,545.91
778,1061,21,2025-02-16,Clothing,142.33,2,284.66
779,1595,39,2025-02-17,Food,323.19,2,646.38
780,1879,41,2025-02-18,Food,347.94,4,1391.76
781,1728,39,2025-02-19,Food,436.13,2,872.26
782,1341,13,2025-02-20,Electronics,174.46,4,697.84
783,1396,11,2025-02-21,Home,386.04,3,1158.12
784,1698,46,2025-02-22,Clothing,282.87,9,2545.83
785,1018,19,2025-02-23,Electronics,442.0,7,3094.0
786,1176,11,2025-02-24,Home,266.27,3,798.81
787,1611,13,2025-02-25,Home,261.23,8,2089.84
788,1395,46,2025-02-26,Clothing,291.05,9,2619.45
789,1444,45,2025-02-27,Clothing,375.91,7,2631.37
790,1232,1,2025-02-28,Clothing,482.52,6,2895.12
791,1914,40,2025-03-01,Electronics,41.41,4,165.64
792,1075,44,2025-03-02,Sports,31.45,5,157.25
793,1264,19,2025-03-03,Clothing,469.09,8,3752.72
794,1454,12,2025-03-04,Sports,267.29,3,801.87
795,1795,8,2025-03-05,Electronics,309.38,2,618.76
796,1717,8,2025-03-06,Sports,243.8,3,731.4
797,1734,45,2025-03-07,Food,51.36,7,359.52
798,1383,12,2025-03-08,Sports,385.2,8,3081.6
799,1563,48,2025-03-09,Clothing,374.88,1,374.88
800,1850,33,2025-03-10,Electronics,159.29,7,1115.03
801,1505,45,2025-03-11,Clothing,156.59,9,1409.31
802,1366,26,2025-03-12,Food,419.73,3,1259.19
803,1143,39,2025-03-13,Clothing,40.82,3,122.46
804,1884,28,2025-03-14,Clothing,441.15,8,3529.2
805,1068,5,2025-03-15,Clothing,132.05,4,528.2
806,1098,8,2025-03-16,Home,298.53,8,2388.24
807,1395,25,2025-03-17,Food,468.32,5,2341.6
808,1024,27,2025-03-18,Clothing,340.67,3,1022.01
809,1947,46,2025-03-19,Clothing,210.14,4,840.56
810,1890,23,2025-03-20,Clothing,346.32,4,1385.28
811,1468,30,2025-03-21,Electronics,175.27,8,1402.16
812,1483,45,2025-03-22,Home,142.24,6,853.44
813,1564,47,2025-03-23,Electronics,498.36,7,3488.52
814,1150,23,2025-03-24,Home,376.64,9,3389.76
815,1143,49,2025-03-25,Clothing,324.14,6,1944.84
816,1568,47,2025-03-26,Food,180.87,3,542.61
817,1038,20,2025-03-27,Sports,29.33,3,87.99
818,1108,18,2025-03-28,Sports,20.37,3,61.11
819,1692,18,2025-03-29,Clothing,279.32,2,558.64
820,1041,2,2025-03-30,Electronics,382.21,1,382.21
821,1185,4,2025-03-31,Food,271.0,1,271.0
822,1934,30,2025-04-01,Home,421.19,4,1684.76
823,1397,33,2025-04-02,Clothing,21.55,3,64.65
824,1222,36,2025-04-03,Food,186.54,5,932.7
825,1633,18,2025-04-04,Food,122.35,9,1101.15
826,1132,37,2025-04-05,Home,226.4,8,1811.2
827,1162,19,2025-04-06,Food,40.83,9,367.47
828,1214,47,2025-04-07,Electronics,477.3,5,2386.5
829,1732,28,2025-04-08,Electronics,115.51,8,924.08
830,1234,40,2025-04-09,Electronics,461.54,4,1846.16
831,1842,20,2025-04-10,Food,215.82,5,1079.1
832,1657,49,2025-04-11,Electronics,492.83,3,1478.49
833,1750,33,2025-04-12,Home,279.26,5,1396.3
834,1587,12,2025-04-13,Food,465.76,3,1397.28
835,1008,15,2025-04-14,Sports,7.65,5,38.25
836,1073,41,2025-04-15,Food,375.38,5,1876.9
837,1953,39,2025-04-16,Home,452.01,6,2712.06
838,1491,2,2025-04-17,Sports,74.16,9,667.44
839,1912,29,2025-04-18,Food,52.58,1,52.58
840,1252,41,2025-04-19,Electronics,215.16,6,1290.96
841,1229,10,2025-04-20,Clothing,467.17,1,467.17
842,1518,2,2025-04-21,Clothing,273.48,6,1640.88
843,1173,11,2025-04-22,Electronics,266.09,2,532.18
844,1652,13,2025-04-23,Clothing,74.86,8,598.88
845,1167,10,2025-04-24,Clothing,5.39,3,16.17
846,1169,14,2025-04-25,Electronics,406.02,6,2436.12
847,1392,18,2025-04-26,Electronics,48.35,6,290.1
848,1945,9,2025-04-27,Food,318.76,4,1275.04
849,1794,39,2025-04-28,Food,457.74,5,2288.7
850,1633,28,2025-04-29,Electronics,108.28,2,216.56
851,1193,3,2025-04-30,Home,334.31,8,2674.48
852,1516,20,2025-05-01,Clothing,43.96,7,307.72
853,1028,6,2025-05-02,Food,303.86,6,1823.16
854,1164,27,2025-05-03,Clothing,86.15,7,603.05
855,1421,2,2025-05-04,Sports,369.3,1,369.3
856,1338,29,2025-05-05,Electronics,154.11,5,770.55
857,1647,38,2025-05-06,Home,234.38,7,1640.66
858,1495,3,2025-05-07,Sports,301.72,1,301.72
859,1364,16,2025-05-08,Sports,89.78,2,179.56
860,1832,30,2025-05-09,Sports,372.11,9,3348.99
861,1341,40,2025-05-10,Electronics,154.81,3,464.43
862,1499,2,2025-05-11,Food,332.87,6,1997.22
863,1656,17,2025-05-12,Electronics,83.35,7,583.45
864,1510,41,2025-05-13,Food,345.62,9,3110.58
865,1326,12,2025-05-14,Sports,68.45,5,342.25
866,1216,35,2025-05-15,Sports,215.55,4,862.2
867,1300,43,2025-05-16,Home,127.37,2,254.74
868,1131,1,2025-05-17,Food,375.45,3,1126.35
869,1803,45,2025-05-18,Sports,134.71,5,673.55
870,1069,15,2025-05-19,Clothing,441.45,2,882.9
871,1251,26,2025-05-20,Home,446.45,4,1785.8
872,1414,37,2025-05-21,Electronics,102.24,1,102.24
873,1786,21,2025-05-22,Home,308.85,4,1235.4
874,1444,49,2025-05-23,Clothing,48.42,7,338.94
875,1875,31,2025-05-24,Food,198.81,3,596.43
876,1181,25,2025-05-25,Electronics,358.09,8,2864.72
877,1166,23,2025-05-26,Electronics,331.41,6,1988.46
878,1090,24,2025-05-27,Food,314.23,6,1885.38
879,1713,38,2025-05-28,Home,144.86,1,144.86
880,1857,28,2025-05-29,Sports,192.12,5,960.6
881,1530,21,2025-05-30,Home,55.96,3,167.88
882,1038,43,2025-05-31,Clothing,360.92,1,360.92
883,1125,18,2025-06-01,Sports,254.42,8,2035.36
884,1450,36,2025-06-02,Home,355.84,7,2490.88
885,1172,35,2025-06-03,Food,128.23,7,897.61
886,1652,45,2025-06-04,Clothing,165.6,4,662.4
887,1753,9,2025-06-05,Clothing,170.44,6,1022.64
888,1219,38,2025-06-06,Clothing,17.74,9,159.66
889,1637,30,2025-06-07,Sports,173.82,3,521.46
890,1057,44,2025-06-08,Electronics,402.64,9,3623.76
891,1659,34,2025-06-09,Sports,449.16,4,1796.64
892,1475,32,2025-06-10,Home,261.52,5,1307.6
893,1455,3,2025-06-11,Electronics,230.47,7,1613.29
894,1828,3,2025-06-12,Home,20.26,6,121.56
895,1894,28,2025-06-13,Electronics,440.21,8,3521.68
896,1360,44,2025-06-14,Sports,11.44,8,91.52
897,1934,15,2025-06-15,Clothing,472.65,8,3781.2
898,1000,41,2025-06-16,Food,247.16,3,741.48
899,1386,23,2025-06-17,Clothing,174.26,6,1045.56
900,1972,40,2025-06-18,Sports,462.49,7,3237.43
901,1347,11,2025-06-19,Electronics,17.07,9,153.63
902,1189,48,2025-06-20,Clothing,292.81,4,1171.24
903,1504,32,2025-06-21,Sports,276.72,5,1383.6
904,1190,36,2025-06-22,Home,113.56,8,908.48
905,1507,33,2025-06-23,Food,217.3,1,217.3
906,1368,24,2025-06-24,Clothing,327.87,6,1967.22
907,1408,39,2025-06-25,Electronics,364.93,4,1459.72
908,1823,34,2025-06-26,Home,5.35,5,26.75
909,1928,28,2025-06-27,Sports,468.74,5,2343.7
910,1933,37,2025-06-28,Food,86.44,2,172.88
911,1116,7,2025-06-29,Electronics,120.62,8,964.96
912,1133,4,2025-06-30,Sports,135.42,2,270.84
913,1057,37,2025-07-01,Sports,23.72,4,94.88
914,1555,1,2025-07-02,Clothing,65.91,5,329.55
915,1684,1,2025-07-03,Clothing,493.24,1,493.24
916,1671,47,2025-07-04,Electronics,161.03,6,966.18
917,1172,20,2025-07-05,Sports,62.07,2,124.14
918,1828,19,2025-07-06,Clothing,57.96,5,289.8
919,1814,29,2025-07-07,Food,361.13,6,2166.78
920,1148,10,2025-07-08,Food,428.01,8,3424.08
921,1079,18,2025-07-09,Sports,132.19,9,1189.71
922,1885,28,2025-07-10,Clothing,15.35,6,92.1
923,1212,35,2025-07-11,Electronics,115.43,5,577.15
924,1202,43,2025-07-12,Electronics,32.98,4,131.92
925,1763,47,2025-07-13,Electronics,56.18,2,112.36
926,1228,31,2025-07-14,Food,218.6,2,437.2
927,1675,27,2025-07-15,Clothing,118.81,7,831.67
928,1226,11,2025-07-16,Clothing,260.39,5,1301.95
929,1658,49,2025-07-17,Food,130.48,7,913.36
930,1531,49,2025-07-18,Electronics,470.57,1,470.57
931,1440,38,2025-07-19,Electronics,453.44,1,453.44
932,1401,5,2025-07-20,Sports,285.57,5,1427.85
933,1046,8,2025-07-21,Home,180.44,2,360.88
934,1232,34,2025-07-22,Clothing,193.67,8,1549.36
935,1304,48,2025-07-23,Clothing,208.87,3,626.61
936,1525,12,2025-07-24,Clothing,365.15,1,365.15
937,1142,38,2025-07-25,Home,228.56,2,457.12
938,1414,1,2025-07-26,Sports,429.08,7,3003.56
939,1512,31,2025-07-27,Home,472.33,6,2833.98
940,1372,4,2025-07-28,Electronics,171.29,8,1370.32
941,1565,49,2025-07-29,Electronics,282.54,7,1977.78
942,1885,45,2025-07-30,Clothing,52.05,8,416.4
943,1258,5,2025-07-31,Food,104.23,3,312.69
944,1655,30,2025-08-01,Clothing,209.67,6,1258.02
945,1470,24,2025-08-02,Food,107.07,7,749.49
946,1952,3,2025-08-03,Home,438.9,1,438.9
947,1970,11,2025-08-04,Electronics,83.35,1,83.35
948,1011,45,2025-08-05,Food,230.55,7,1613.85
949,1329,4,2025-08-06,Home,304.82,3,914.46
950,1735,26,2025-08-07,Electronics,347.47,3,1042.41
951,1783,27,2025-08-08,Food,194.62,5,973.1
952,1967,46,2025-08-09,Clothing,435.2,6,2611.2
953,1357,43,2025-08-10,Clothing,286.32,2,572.64
954,1971,27,2025-08-11,Clothing,222.56,3,667.68
955,1407,42,2025-08-12,Home,38.28,6,229.68
956,1667,6,2025-08-13,Clothing,235.02,3,705.06
957,1372,15,2025-08-14,Sports,411.26,5,2056.3
958,1007,30,2025-08-15,Electronics,309.2,9,2782.8
959,1121,42,2025-08-16,Home,416.92,3,1250.76
960,1347,37,2025-08-17,Clothing,249.54,6,1497.24
961,1675,37,2025-08-18,Electronics,63.64,5,318.2
962,1089,42,2025-08-19,Food,11.75,5,58.75
963,1647,37,2025-08-20,Clothing,155.09,6,930.54
964,1697,35,2025-08-21,Electronics,350.51,6,2103.06
965,1315,23,2025-08-22,Sports,396.18,1,396.18
966,1177,6,2025-08-23,Food,151.4,9,1362.6
967,1539,4,2025-08-24,Sports,250.35,5,1251.75
968,1731,18,2025-08-25,Electronics,213.45,1,213.45
969,1868,9,2025-08-26,Sports,208.21,8,1665.68
970,1040,49,2025-08-27,Electronics,119.52,7,836.64
971,1739,29,2025-08-28,Electronics,72.5,7,507.5
972,1703,13,2025-08-29,Sports,102.36,5,511.8
973,1922,47,2025-08-30,Electronics,32.39,1,32.39
974,1501,17,2025-08-31,Clothing,103.07,9,927.63
975,1958,45,2025-09-01,Electronics,9.55,9,85.95
976,1144,32,2025-09-02,Home,315.49,8,2523.92
977,1200,48,2025-09-03,Electronics,161.61,5,808.05
978,1928,22,2025-09-04,Home,486.71,3,1460.13
979,1723,4,2025-09-05,Electronics,100.89,8,807.12
980,1460,5,2025-09-06,Electronics,176.19,1,176.19
981,1731,37,2025-09-07,Sports,182.13,3,546.39
982,1751,41,2025-09-08,Clothing,9.18,7,64.26
983,1924,49,2025-09-09,Clothing,420.41,4,1681.64
984,1908,13,2025-09-10,Food,20.84,7,145.88
985,1557,34,2025-09-11,Sports,470.39,5,2351.95
986,1546,45,2025-09-12,Sports,446.58,6,2679.48
987,1252,22,2025-09-13,Clothing,270.08,7,1890.56
988,1389,23,2025-09-14,Sports,274.08,7,1918.56
989,1593,3,2025-09-15,Clothing,328.62,7,2300.34
990,1882,42,2025-09-16,Sports,196.59,7,1376.13
991,1255,34,2025-09-17,Electronics,325.38,7,2277.66
992,1708,32,2025-09-18,Clothing,27.16,3,81.48
993,1814,45,2025-09-19,Clothing,31.75,3,95.25
994,1920,49,2025-09-20,Home,231.33,7,1619.31
995,1449,21,2025-09-21,Sports,277.06,2,554.12
996,1009,46,2025-09-22,Sports,444.47,2,888.94
997,1823,44,2025-09-23,Clothing,56.81,3,170.43
998,1797,21,2025-09-24,Electronics,412.21,4,1648.84
999,1241,44,2025-09-25,Electronics,108.97,6,653.82
1000,1250,11,2025-09-26,Electronics,200.07,8,1600.56
1001,1876,39,2025-09-27,Sports,161.72,7,1132.04
1002,1004,4,2025-09-28,Home,203.08,4,812.32
1003,1118,1,2025-09-29,Clothing,79.5,2,159.0
1004,1800,28,2025-09-30,Food,254.27,2,508.54
1005,1373,24,2025-10-01,Home,401.81,4,1607.24
1006,1064,35,2025-10-02,Food,223.56,6,1341.36
1007,1145,13,2025-10-03,Home,247.85,3,743.55
1008,1223,47,2025-10-04,Electronics,425.14,6,2550.84
1009,1238,34,2025-10-05,Sports,354.5,5,1772.5
1010,1176,11,2025-10-06,Food,247.77,5,1238.85
1011,1778,36,2025-10-07,Home,132.56,2,265.12
1012,1852,17,2025-10-08,Sports,443.04,8,3544.32
1013,1281,35,2025-10-09,Food,290.63,5,1453.15
1014,1062,18,2025-10-10,Clothing,114.47,2,228.94
1015,1216,40,2025-10-11,Home,138.21,7,967.47
1016,1853,22,2025-10-12,Clothing,402.55,9,3622.95
1017,1826,24,2025-10-13,Electronics,26.85,9,241.65
1018,1794,19,2025-10-14,Clothing,496.09,1,496.09
1019,1688,37,2025-10-15,Clothing,69.52,7,486.64
1020,1460,39,2025-10-16,Home,399.05,9,3591.45
1021,1928,21,2025-10-17,Electronics,200.41,6,1202.46
1022,1609,8,2025-10-18,Clothing,248.65,1,248.65
1023,1104,28,2025-10-19,Sports,440.92,2,881.84
1024,1098,5,2025-10-20,Food,209.39,4,837.56
1025,1510,17,2025-10-21,Clothing,271.06,4,1084.24
1026,1384,37,2025-10-22,Electronics,29.4,2,58.8
1027,1404,36,2025-10-23,Clothing,6.16,8,49.28
1028,1822,19,2025-10-24,Food,126.18,2,252.36
1029,1517,27,2025-10-25,Electronics,341.89,3,1025.67
1030,1475,34,2025-10-26,Home,65.03,4,260.12
1031,1976,11,2025-10-27,Electronics,61.31,9,551.79
1032,1708,45,2025-10-28,Home,208.43,1,208.43
1033,1862,47,2025-10-29,Electronics,325.68,8,2605.44
1034,1644,12,2025-10-30,Food,357.48,5,1787.4
1035,1869,21,2025-10-31,Food,93.33,7,653.31
1036,1770,11,2025-11-01,Electronics,44.4,8,355.2
1037,1436,39,2025-11-02,Clothing,470.5,5,2352.5
1038,1022,28,2025-11-03,Food,134.03,8,1072.24
1039,1996,5,2025-11-04,Home,427.41,8,3419.28
1040,1564,17,2025-11-05,Home,432.43,9,3891.87
1041,1676,20,2025-11-06,Sports,387.4,2,774.8
1042,1713,41,2025-11-07,Home,88.57,3,265.71
1043,1457,46,2025-11-08,Sports,411.79,1,411.79
1044,1082,12,2025-11-09,Electronics,385.78,4,1543.12
1045,1144,6,2025-11-10,Electronics,300.38,5,1501.9
1046,1084,17,2025-11-11,Electronics,171.92,1,171.92
1047,1077,19,2025-11-12,Clothing,134.94,8,1079.52
1048,1456,26,2025-11-13,Clothing,65.34,2,130.68
1049,1877,48,2025-11-14,Sports,257.33,1,257.33
1050,1000,44,2025-11-15,Home,294.7,2,589.4
1051,1050,44,2025-11-16,Home,182.87,5,914.35
1052,1684,32,2025-11-17,Electronics,240.3,9,2162.7
1053,1716,6,2025-11-18,Food,184.94,9,1664.46
1054,1771,36,2025-11-19,Clothing,322.3,2,644.6
1055,1445,38,2025-11-20,Clothing,451.12,2,902.24
1056,1448,11,2025-11-21,Electronics,86.14,3,258.42
1057,1880,33,2025-11-22,Clothing,193.8,7,1356.6
1058,1487,24,2025-11-23,Electronics,74.73,3,224.19
1059,1799,23,2025-11-24,Sports,314.35,1,314.35
1060,1033,15,2025-11-25,Home,365.79,6,2194.74
1061,1347,27,2025-11-26,Food,466.3,3,1398.9
1062,1094,11,2025-11-27,Home,143.04,1,143.04
1063,1071,17,2025-11-28,Home,475.35,4,1901.4
1064,1550,14,2025-11-29,Sports,36.32,1,36.32
1065,1153,27,2025-11-30,Clothing,303.49,1,303.49
1066,1249,18,2025-12-01,Food,33.28,2,66.56
1067,1673,28,2025-12-02,Clothing,447.42,8,3579.36
1068,1437,47,2025-12-03,Home,267.26,2,534.52
1069,1117,47,2025-12-04,Electronics,336.33,2,672.66
1070,1770,4,2025-12-05,Home,416.63,8,3333.04
1071,1890,7,2025-12-06,Clothing,79.4,6,476.4
1072,1305,45,2025-12-07,Home,24.1,4,96.4
1073,1267,35,2025-12-08,Electronics,440.05,3,1320.15
1074,1960,48,2025-12-09,Sports,160.89,1,160.89
1075,1053,9,2025-12-10,Clothing,68.84,3,206.52
1076,1235,8,2025-12-11,Home,236.89,9,2132.01
1077,1388,45,2025-12-12,Clothing,301.16,5,1505.8
1078,1989,17,2025-12-13,Sports,20.33,6,121.98
1079,1733,17,2025-12-14,Home,141.07,5,705.35
1080,1762,49,2025-12-15,Home,21.24,1,21.24
1081,1824,33,2025-12-16,Clothing,213.07,1,213.07
1082,1400,32,2025-12-17,Clothing,448.07,4,1792.28
1083,1623,8,2025-12-18,Electronics,491.41,3,1474.23
1084,1766,19,2025-12-19,Sports,320.34,8,2562.72
1085,1302,38,2025-12-20,Electronics,85.01,7,595.07
1086,1918,3,2025-12-21,Home,453.4,7,3173.8
1087,1206,5,2025-12-22,Clothing,260.54,8,2084.32
1088,1228,13,2025-12-23,Home,81.11,7,567.77
1089,1852,47,2025-12-24,Home,461.25,2,922.5
1090,1909,46,2025-12-25,Food,379.95,4,1519.8
1091,1577,31,2025-12-26,Food,367.19,6,2203.14
1092,1074,16,2025-12-27,Home,356.04,3,1068.12
1093,1434,32,2025-12-28,Clothing,104.17,3,312.51
1094,1102,22,2025-12-29,Home,109.45,6,656.7
1095,1421,29,2025-12-30,Food,345.71,1,345.71
1096,1703,22,2025-12-31,Clothing,113.76,1,113.76
1097,1763,43,2026-01-01,Home,222.14,5,1110.7
1098,1737,3,2026-01-02,Sports,392.09,1,392.09
1099,1805,10,2026-01-03,Sports,393.06,8,3144.48
1100,1305,42,2026-01-04,Home,229.36,2,458.72
1101,1097,21,2026-01-05,Clothing,397.13,6,2382.78
1102,1849,16,2026-01-06,Home,420.12,5,2100.6
1103,1797,12,2026-01-07,Home,329.11,4,1316.44
1104,1334,2,2026-01-08,Food,118.07,1,118.07
1105,1858,41,2026-01-09,Sports,140.64,3,421.92
1106,1434,24,2026-01-10,Food,160.85,4,643.4
1107,1446,35,2026-01-11,Food,62.82,2,125.64
1108,1993,30,2026-01-12,Home,140.21,2,280.42
1109,1307,30,2026-01-13,Food,108.71,2,217.42
1110,1248,47,2026-01-14,Sports,230.39,1,230.39
1111,1165,35,2026-01-15,Food,454.68,2,909.36
1112,1480,19,2026-01-16,Sports,56.72,6,340.32
1113,1983,8,2026-01-17,Food,361.53,3,1084.59
1114,1334,26,2026-01-18,Sports,345.21,5,1726.05
1115,1541,49,2026-01-19,Food,52.4,1,52.4
1116,1758,40,2026-01-20,Food,461.67,8,3693.36
1117,1105,7,2026-01-21,Clothing,286.39,4,1145.56
1118,1562,30,2026-01-22,Sports,185.04,9,1665.36
1119,1080,7,2026-01-23,Sports,379.49,4,1517.96
1120,1132,3,2026-01-24,Sports,132.4,2,264.8
1121,1796,1,2026-01-25,Electronics,348.29,3,1044.87
1122,1899,36,2026-01-26,Food,24.66,5,123.3
1123,1137,25,2026-01-27,Sports,420.51,6,2523.06
1124,1183,37,2026-01-28,Electronics,226.84,7,1587.88
1125,1400,1,2026-01-29,Clothing,320.16,4,1280.64
1126,1329,15,2026-01-30,Sports,114.51,7,801.57
1127,1784,37,2026-01-31,Sports,340.15,3,1020.45
1128,1507,13,2026-02-01,Electronics,387.26,7,2710.82
1129,1851,40,2026-02-02,Food,239.24,4,956.96
1130,1983,8,2026-02-03,Clothing,310.77,8,2486.16
1131,1068,5,2026-02-04,Sports,230.88,9,2077.92
1132,1545,9,2026-02-05,Food,447.58,7,3133.06
1133,1773,1,2026-02-06,Clothing,251.45,8,2011.6
1134,1052,36,2026-02-07,Home,421.7,8,3373.6
1135,1449,35,2026-02-08,Home,401.67,2,803.34
1136,1204,2,2026-02-09,Clothing,208.2,9,1873.8
1137,1125,40,2026-02-10,Electronics,118.89,6,713.34
1138,1746,23,2026-02-11,Clothing,206.01,4,824.04
1139,1042,9,2026-02-12,Clothing,413.98,5,2069.9
1140,1751,34,2026-02-13,Electronics,117.68,5,588.4
1141,1970,46,2026-02-14,Electronics,264.6,7,1852.2
1142,1882,14,2026-02-15,Food,404.02,9,3636.18
1143,1110,4,2026-02-16,Food,179.97,7,1259.79
1144,1760,30,2026-02-17,Electronics,322.89,9,2906.01
1145,1662,31,2026-02-18,Home,126.59,4,506.36
1146,1182,38,2026-02-19,Home,59.09,4,236.36
1147,1847,11,2026-02-20,Clothing,398.22,6,2389.32
1148,1094,35,2026-02-21,Sports,53.99,8,431.92
1149,1970,8,2026-02-22,Clothing,139.33,9,1253.97
1150,1373,3,2026-02-23,Clothing,428.28,1,428.28
1151,1911,14,2026-02-24,Sports,176.5,1,176.5
1152,1519,13,2026-02-25,Electronics,486.66,8,3893.28
1153,1899,45,2026-02-26,Home,489.97,7,3429.79
1154,1359,32,2026-02-27,Clothing,137.8,9,1240.2
1155,1899,34,2026-02-28,Sports,25.28,3,75.84
1156,1695,45,2026-03-01,Food,354.01,5,1770.05
1157,1280,19,2026-03-02,Clothing,228.24,3,684.72
1158,1194,38,2026-03-03,Home,54.87,5,274.35
1159,1863,16,2026-03-04,Electronics,355.22,1,355.22
1160,1194,2,2026-03-05,Clothing,20.43,4,81.72
1161,1666,40,2026-03-06,Clothing,435.75,6,2614.5
1162,1092,17,2026-03-07,Sports,73.63,2,147.26
1163,1671,34,2026-03-08,Food,68.02,7,476.14
1164,1945,42,2026-03-09,Food,91.96,8,735.68
1165,1060,16,2026-03-10,Electronics,480.33,1,480.33
1166,1633,38,2026-03-11,Home,348.12,4,1392.48
1167,1050,2,2026-03-12,Electronics,401.68,4,1606.72
1168,1402,2,2026-03-13,Clothing,201.83,5,1009.15
1169,1788,26,2026-03-14,Clothing,171.47,4,685.88
1170,1004,13,2026-03-15,Food,121.07,9,1089.63
1171,1465,47,2026-03-16,Home,242.92,7,1700.44
1172,1603,31,2026-03-17,Sports,278.16,2,556.32
1173,1681,34,2026-03-18,Home,317.73,1,317.73
1174,1828,39,2026-03-19,Clothing,132.27,9,1190.43
1175,1533,3,2026-03-20,Sports,474.58,1,474.58
1176,1404,8,2026-03-21,Home,89.03,6,534.18
1177,1837,23,2026-03-22,Home,483.0,2,966.0
1178,1512,14,2026-03-23,Sports,12.35,4,49.4
1179,1644,27,2026-03-24,Clothing,243.16,6,1458.96
1180,1232,29,2026-03-25,Home,170.02,5,850.1
1181,1523,39,2026-03-26,Sports,227.32,6,1363.92
1182,1345,39,2026-03-27,Clothing,287.48,3,862.44
1183,1045,1,2026-03-28,Sports,220.62,5,1103.1
1184,1545,17,2026-03-29,Sports,210.35,2,420.7
1185,1944,41,2026-03-30,Home,367.7,7,2573.9
1186,1077,30,2026-03-31,Clothing,344.51,3,1033.53
1187,1729,13,2026-04-01,Home,417.47,1,417.47
1188,1812,21,2026-04-02,Electronics,128.73,8,1029.84
1189,1922,19,2026-04-03,Electronics,306.72,8,2453.76
1190,1072,19,2026-04-04,Clothing,294.67,3,884.01
1191,1793,25,2026-04-05,Sports,188.02,7,1316.14
1192,1248,22,2026-04-06,Home,245.6,9,2210.4
1193,1046,31,2026-04-07,Home,160.32,8,1282.56
1194,1120,17,2026-04-08,Clothing,75.21,3,225.63
1195,1213,23,2026-04-09,Clothing,110.83,2,221.66
1196,1238,32,2026-04-10,Electronics,57.23,7,400.61
1197,1055,10,2026-04-11,Food,343.12,7,2401.84
1198,1349,10,2026-04-12,Clothing,332.06,9,2988.54
1199,1106,36,2026-04-13,Food,475.55,5,2377.75
1200,1830,8,2026-04-14,Clothing,366.19,4,1464.76
1201,1047,20,2026-04-15,Sports,30.76,8,246.08
1202,1572,32,2026-04-16,Sports,442.7,4,1770.8
1203,1336,14,2026-04-17,Electronics,432.02,4,1728.08
1204,1025,28,2026-04-18,Electronics,224.44,2,448.88
1205,1803,46,2026-04-19,Food,295.0,1,295.0
1206,1256,24,2026-04-20,Clothing,488.16,4,1952.64
1207,1007,15,2026-04-21,Home,268.49,7,1879.43
1208,1624,22,2026-04-22,Electronics,453.13,9,4078.17
1209,1866,30,2026-04-23,Home,46.1,9,414.9
1210,1252,4,2026-04-24,Home,99.57,1,99.57
1211,1691,13,2026-04-25,Clothing,223.17,5,1115.85
1212,1718,23,2026-04-26,Food,294.45,7,2061.15
1213,1302,8,2026-04-27,Clothing,409.03,7,2863.21
1214,1638,18,2026-04-28,Electronics,494.19,6,2965.14
1215,1055,12,2026-04-29,Home,197.48,4,789.92
1216,1725,31,2026-04-30,Clothing,28.47,3,85.41
1217,1525,14,2026-05-01,Clothing,401.58,9,3614.22
1218,1473,34,2026-05-02,Clothing,304.17,4,1216.68
1219,1027,18,2026-05-03,Electronics,103.28,8,826.24
1220,1982,34,2026-05-04,Food,249.94,1,249.94
1221,1077,11,2026-05-05,Clothing,372.44,7,2607.08
1222,1215,41,2026-05-06,Electronics,386.35,6,2318.1
1223,1385,12,2026-05-07,Home,252.31,1,252.31
1224,1364,49,2026-05-08,Sports,156.08,4,624.32
1225,1665,15,2026-05-09,Electronics,487.0,5,2435.0
1226,1525,31,2026-05-10,Sports,333.36,8,2666.88
1227,1698,49,2026-05-11,Clothing,207.08,4,828.32
1228,1311,29,2026-05-12,Clothing,143.83,3,431.49
1229,1882,26,2026-05-13,Electronics,366.9,2,733.8
1230,1006,18,2026-05-14,Sports,124.88,4,499.52
1231,1002,32,2026-05-15,Clothing,90.0,4,360.0
1232,1622,22,2026-05-16,Home,267.27,5,1336.35
1233,1918,38,2026-05-17,Food,148.54,7,1039.78
1234,1749,17,2026-05-18,Food,316.31,9,2846.79
1235,1362,23,2026-05-19,Clothing,63.38,2,126.76
1236,1750,24,2026-05-20,Sports,329.2,5,1646.0
1237,1507,8,2026-05-21,Clothing,145.23,9,1307.07
1238,1273,41,2026-05-22,Sports,5.12,3,15.36
1239,1505,6,2026-05-23,Home,67.83,1,67.83
1240,1805,5,2026-05-24,Sports,467.14,2,934.28
1241,1738,44,2026-05-25,Clothing,434.34,6,2606.04
1242,1882,29,2026-05-26,Home,120.64,5,603.2
1243,1014,28,2026-05-27,Electronics,390.29,1,390.29
1244,1191,11,2026-05-28,Food,306.24,1,306.24
1245,1984,1,2026-05-29,Clothing,485.6,4,1942.4
1246,1630,43,2026-05-30,Clothing,189.93,4,759.72
1247,1484,19,2026-05-31,Clothing,342.32,6,2053.92
1248,1027,9,2026-06-01,Home,36.45,6,218.7
1249,1713,27,2026-06-02,Electronics,201.14,6,1206.84
1250,1038,34,2026-06-03,Sports,482.09,1,482.09
1251,1952,44,2026-06-04,Electronics,271.8,9,2446.2
1252,1272,4,2026-06-05,Home,147.5,7,1032.5
1253,1230,36,2026-06-06,Clothing,64.53,7,451.71
1254,1085,18,2026-06-07,Food,353.25,7,2472.75
1255,1473,15,2026-06-08,Clothing,324.2,2,648.4
1256,1125,13,2026-06-09,Sports,190.1,2,380.2
1257,1811,19,2026-06-10,Food,475.72,6,2854.32
1258,1536,49,2026-06-11,Clothing,15.99,7,111.93
1259,1144,6,2026-06-12,Food,155.34,3,466.02
1260,1524,48,2026-06-13,Electronics,460.93,4,1843.72
1261,1211,12,2026-06-14,Home,163.86,3,491.58
1262,1024,37,2026-06-15,Clothing,129.87,7,909.09
1263,1579,17,2026-06-16,Sports,269.44,7,1886.08
1264,1393,23,2026-06-17,Electronics,412.78,4,1651.12
1265,1066,26,2026-06-18,Clothing,56.06,7,392.42
1266,1232,29,2026-06-19,Electronics,471.8,5,2359.0
1267,1108,33,2026-06-20,Sports,398.56,1,398.56
1268,1145,27,2026-06-21,Clothing,94.72,4,378.88
1269,1110,25,2026-06-22,Sports,357.44,7,2502.08
1270,1227,10,2026-06-23,Food,195.55,2,391.1
1271,1110,47,2026-06-24,Sports,204.14,2,408.28
1272,1469,23,2026-06-25,Food,392.73,1,392.73
1273,1033,21,2026-06-26,Clothing,481.58,2,963.16
1274,1622,21,2026-06-27,Food,67.69,8,541.52
1275,1775,43,2026-06-28,Clothing,213.21,8,1705.68
1276,1935,13,2026-06-29,Clothing,243.07,8,1944.56
1277,1368,37,2026-06-30,Home,191.27,1,191.27
1278,1747,33,2026-07-01,Clothing,184.78,1,184.78
1279,1594,24,2026-07-02,Food,30.87,4,123.48
1280,1553,44,2026-07-03,Home,344.34,6,2066.04
1281,1424,11,2026-07-04,Home,220.93,8,1767.44
1282,1612,17,2026-07-05,Clothing,101.42,2,202.84
1283,1517,4,2026-07-06,Sports,408.94,3,1226.82
1284,1691,47,2026-07-07,Sports,402.27,6,2413.62
1285,1281,25,2026-07-08,Home,245.76,4,983.04
1286,1319,30,2026-07-09,Clothing,152.73,2,305.46
1287,1737,9,2026-07-10,Sports,320.86,7,2246.02
1288,1442,21,2026-07-11,Clothing,147.64,4,590.56
1289,1951,20,2026-07-12,Clothing,121.82,8,974.56
1290,1314,19,2026-07-13,Home,366.6,8,2932.8
1291,1876,19,2026-07-14,Home,24.96,7,174.72
1292,1965,12,2026-07-15,Electronics,51.91,9,467.19
1293,1740,37,2026-07-16,Sports,8.36,4,33.44
1294,1376,42,2026-07-17,Sports,80.71,7,564.97
1295,1288,17,2026-07-18,Sports,39.15,1,39.15
1296,1436,37,2026-07-19,Food,497.92,4,1991.68
1297,1661,48,2026-07-20,Clothing,147.96,2,295.92
1298,1276,39,2026-07-21,Home,78.89,9,710.01
1299,1709,28,2026-07-22,Sports,124.29,5,621.45
1300,1581,41,2026-07-23,Electronics,468.38,3,1405.14
1301,1502,35,2026-07-24,Sports,262.48,4,1049.92
1302,1623,47,2026-07-25,Clothing,185.58,6,1113.48
1303,1515,48,2026-07-26,Clothing,437.33,1,437.33
1304,1349,18,2026-07-27,Home,200.52,7,1403.64
1305,1842,14,2026-07-28,Food,170.83,8,1366.64
1306,1445,35,2026-07-29,Home,107.6,7,753.2
1307,1829,44,2026-07-30,Sports,192.01,7,1344.07
1308,1349,41,2026-07-31,Electronics,161.76,9,1455.84
1309,1606,7,2026-08-01,Home,340.27,4,1361.08
1310,1663,41,2026-08-02,Food,148.34,7,1038.38
1311,1822,13,2026-08-03,Home,290.71,9,2616.39
1312,1136,18,2026-08-04,Clothing,37.62,5,188.1
1313,1758,37,2026-08-05,Sports,99.69,2,199.38
1314,1898,13,2026-08-06,Sports,206.67,5,1033.35
1315,1242,36,2026-08-07,Sports,468.79,4,1875.16
1316,1542,31,2026-08-08,Sports,191.74,8,1533.92
1317,1039,2,2026-08-09,Sports,333.72,5,1668.6
1318,1228,16,2026-08-10,Sports,131.27,9,1181.43
1319,1547,9,2026-08-11,Electronics,67.88,9,610.92
1320,1919,9,2026-08-12,Food,33.98,3,101.94
1321,1222,38,2026-08-13,Sports,156.18,6,937.08
1322,1005,11,2026-08-14,Food,83.04,6,498.24
1323,1321,22,2026-08-15,Sports,91.14,4,364.56
1324,1467,33,2026-08-16,Home,381.58,3,1144.74
1325,1731,36,2026-08-17,Sports,12.84,1,12.84
1326,1074,45,2026-08-18,Clothing,281.12,7,1967.84
1327,1003,23,2026-08-19,Electronics,192.83,5,964.15
1328,1846,45,2026-08-20,Home,255.74,7,1790.18
1329,1645,45,2026-08-21,Home,283.6,1,283.6
1330,1117,34,2026-08-22,Clothing,160.12,8,1280.96
1331,1880,9,2026-08-23,Sports,151.08,3,453.24
1332,1605,24,2026-08-24,Electronics,368.03,7,2576.21
1333,1503,8,2026-08-25,Home,436.28,3,1308.84
1334,1997,7,2026-08-26,Electronics,100.33,3,300.99
1335,1946,36,2026-08-27,Home,53.32,9,479.88
1336,1573,18,2026-08-28,Sports,449.41,2,898.82
1337,1440,3,2026-08-29,Home,178.2,4,712.8
1338,1193,28,2026-08-30,Home,277.9,6,1667.4
1339,1846,6,2026-08-31,Food,182.97,3,548.91
1340,1714,44,2026-09-01,Sports,67.27,7,470.89
1341,1391,44,2026-09-02,Clothing,296.72,7,2077.04
1342,1025,21,2026-09-03,Clothing,264.94,5,1324.7
1343,1434,28,2026-09-04,Sports,105.48,3,316.44
1344,1172,40,2026-09-05,Clothing,228.68,2,457.36
1345,1299,1,2026-09-06,Sports,399.49,4,1597.96
1346,1644,36,2026-09-07,Clothing,297.26,4,1189.04
1347,1325,21,2026-09-08,Food,52.97,8,423.76
1348,1409,43,2026-09-09,Clothing,276.27,8,2210.16
1349,1117,35,2026-09-10,Home,352.86,5,1764.3
1350,1835,13,2026-09-11,Sports,397.39,6,2384.34
1351,1786,49,2026-09-12,Electronics,316.41,8,2531.28
1352,1723,10,2026-09-13,Electronics,80.57,1,80.57
1353,1224,44,2026-09-14,Sports,356.54,5,1782.7
1354,1531,47,2026-09-15,Food,340.28,4,1361.12
1355,1112,10,2026-09-16,Clothing,17.09,4,68.36
1356,1139,46,2026-09-17,Food,208.82,2,417.64
1357,1558,13,2026-09-18,Electronics,169.81,1,169.81
1358,1000,37,2026-09-19,Sports,336.36,6,2018.16
1359,1089,38,2026-09-20,Sports,111.99,7,783.93
1360,1653,24,2026-09-21,Food,297.48,5,1487.4
1361,1319,2,2026-09-22,Food,457.04,8,3656.32
1362,1549,22,2026-09-23,Clothing,399.91,9,3599.19
1363,1804,17,2026-09-24,Home,461.12,2,922.24
1364,1893,36,2026-09-25,Home,489.36,4,1957.44
1365,1138,14,2026-09-26,Clothing,10.28,9,92.52
1366,1510,10,2026-09-27,Home,313.26,5,1566.3
1367,1867,35,2026-09-28,Electronics,209.36,3,628.08
1368,1844,25,2026-09-29,Home,430.63,6,2583.78
1369,1258,3,2026-09-30,Clothing,129.65,3,388.95
1370,1672,47,2026-10-01,Home,490.61,5,2453.05
1371,1901,38,2026-10-02,Sports,308.79,3,926.37
1372,1689,17,2026-10-03,Food,397.8,6,2386.8
1373,1009,12,2026-10-04,Electronics,47.37,5,236.85
1374,1260,24,2026-10-05,Sports,95.81,9,862.29
1375,1918,29,2026-10-06,Sports,380.41,3,1141.23
1376,1649,43,2026-10-07,Clothing,15.88,6,95.28
1377,1171,25,2026-10-08,Food,409.35,8,3274.8
1378,1897,36,2026-10-09,Food,11.9,7,83.3
1379,1012,26,2026-10-10,Electronics,330.27,6,1981.62
1380,1167,38,2026-10-11,Clothing,185.72,2,371.44
1381,1641,1,2026-10-12,Electronics,307.69,7,2153.83
1382,1595,20,2026-10-13,Home,349.54,8,2796.32
1383,1320,28,2026-10-14,Sports,174.53,1,174.53
1384,1318,16,2026-10-15,Electronics,58.44,9,525.96
1385,1612,47,2026-10-16,Sports,39.47,4,157.88
1386,1328,17,2026-10-17,Clothing,296.52,8,2372.16
1387,1784,40,2026-10-18,Home,262.72,7,1839.04
1388,1776,28,2026-10-19,Clothing,372.39,7,2606.73
1389,1970,12,2026-10-20,Home,257.32,2,514.64
1390,1910,27,2026-10-21,Home,214.11,1,214.11
1391,1919,42,2026-10-22,Sports,202.05,4,808.2
1392,1549,47,2026-10-23,Clothing,18.09,2,36.18
1393,1418,30,2026-10-24,Clothing,171.1,8,1368.8
1394,1605,41,2026-10-25,Electronics,488.13,7,3416.91
1395,1094,34,2026-10-26,Clothing,437.41,8,3499.28
1396,1816,37,2026-10-27,Electronics,168.04,6,1008.24
1397,1580,6,2026-10-28,Food,295.96,1,295.96
1398,1317,7,2026-10-29,Food,424.41,9,3819.69
1399,1955,32,2026-10-30,Food,223.43,6,1340.58
1400,1235,32,2026-10-31,Clothing,13.89,1,13.89
1401,1945,25,2026-11-01,Clothing,41.88,1,41.88
1402,1333,33,2026-11-02,Electronics,257.64,8,2061.12
1403,1884,7,2026-11-03,Home,484.87,6,2909.22
1404,1375,12,2026-11-04,Electronics,348.14,8,2785.12
1405,1458,16,2026-11-05,Food,40.1,8,320.8
1406,1136,16,2026-11-06,Electronics,98.73,8,789.84
1407,1929,43,2026-11-07,Home,386.8,7,2707.6
1408,1587,36,2026-11-08,Clothing,421.51,7,2950.57
1409,1994,13,2026-11-09,Electronics,310.76,4,1243.04
1410,1546,7,2026-11-10,Food,323.99,9,2915.91
1411,1512,36,2026-11-11,Food,19.03,2,38.06
1412,1295,47,2026-11-12,Clothing,415.12,9,3736.08
1413,1319,9,2026-11-13,Electronics,395.2,3,1185.6
1414,1917,32,2026-11-14,Home,133.22,2,266.44
1415,1571,11,2026-11-15,Clothing,355.79,4,1423.16
1416,1831,8,2026-11-16,Electronics,111.35,5,556.75
1417,1348,33,2026-11-17,Sports,24.96,2,49.92
1418,1839,23,2026-11-18,Food,104.56,1,104.56
1419,1778,25,2026-11-19,Home,93.42,5,467.1
1420,1872,8,2026-11-20,Home,172.19,9,1549.71
1421,1228,45,2026-11-21,Home,212.13,5,1060.65
1422,1269,22,2026-11-22,Food,256.73,9,2310.57
1423,1827,4,2026-11-23,Electronics,240.99,6,1445.94
1424,1797,40,2026-11-24,Clothing,138.98,3,416.94
1425,1290,3,2026-11-25,Electronics,19.44,4,77.76
1426,1724,29,2026-11-26,Clothing,304.53,4,1218.12
1427,1164,41,2026-11-27,Home,200.89,1,200.89
1428,1004,29,2026-11-28,Electronics,152.84,3,458.52
1429,1850,34,2026-11-29,Home,434.14,3,1302.42
1430,1378,34,2026-11-30,Sports,374.64,1,374.64
1431,1077,28,2026-12-01,Home,429.59,9,3866.31
1432,1409,13,2026-12-02,Home,250.02,1,250.02
1433,1573,15,2026-12-03,Clothing,69.81,9,628.29
1434,1131,23,2026-12-04,Sports,349.63,1,349.63
1435,1600,44,2026-12-05,Home,107.01,2,214.02
1436,1748,26,2026-12-06,Home,223.41,2,446.82
1437,1041,4,2026-12-07,Sports,37.18,6,223.08
1438,1088,26,2026-12-08,Sports,413.53,7,2894.71
1439,1401,40,2026-12-09,Electronics,67.34,1,67.34
1440,1295,9,2026-12-10,Clothing,452.03,3,1356.09
1441,1839,5,2026-12-11,Sports,432.79,2,865.58
1442,1294,32,2026-12-12,Sports,234.97,8,1879.76
1443,1615,20,2026-12-13,Food,373.46,9,3361.14
1444,1525,11,2026-12-14,Sports,311.63,2,623.26
1445,1799,15,2026-12-15,Clothing,402.52,2,805.04
1446,1690,32,2026-12-16,Home,218.74,9,1968.66
1447,1636,28,2026-12-17,Home,393.98,4,1575.92
1448,1421,22,2026-12-18,Home,233.92,5,1169.6
1449,1864,41,2026-12-19,Home,470.78,9,4237.02
1450,1022,17,2026-12-20,Food,245.75,6,1474.5
1451,1574,26,2026-12-21,Sports,234.0,9,2106.0
1452,1142,44,2026-12-22,Home,393.61,9,3542.49
1453,1992,7,2026-12-23,Electronics,411.68,7,2881.76
1454,1664,42,2026-12-24,Home,279.47,9,2515.23
1455,1144,26,2026-12-25,Sports,94.0,5,470.0
1456,1224,25,2026-12-26,Home,236.54,5,1182.7
1457,1502,10,2026-12-27,Food,484.2,8,3873.6
1458,1961,45,2026-12-28,Clothing,377.73,4,1510.92
1459,1973,19,2026-12-29,Clothing,406.53,9,3658.77
1460,1820,11,2026-12-30,Sports,21.25,7,148.75
1461,1615,13,2026-12-31,Clothing,236.59,7,1656.13
1462,1103,8,2027-01-01,Clothing,325.08,3,975.24
1463,1946,40,2027-01-02,Electronics,415.87,4,1663.48
1464,1038,4,2027-01-03,Sports,29.39,7,205.73
1465,1946,47,2027-01-04,Sports,426.96,5,2134.8
1466,1197,31,2027-01-05,Clothing,276.46,3,829.38
1467,1645,28,2027-01-06,Clothing,102.67,1,102.67
1468,1578,11,2027-01-07,Clothing,162.04,7,1134.28
1469,1390,43,2027-01-08,Food,144.56,6,867.36
1470,1178,1,2027-01-09,Home,267.78,7,1874.46
1471,1967,49,2027-01-10,Food,30.58,2,61.16
1472,1553,47,2027-01-11,Sports,83.48,4,333.92
1473,1447,38,2027-01-12,Electronics,407.28,2,814.56
1474,1499,24,2027-01-13,Home,70.64,8,565.12
1475,1014,47,2027-01-14,Electronics,120.53,7,843.71
1476,1622,31,2027-01-15,Sports,229.42,1,229.42
1477,1668,41,2027-01-16,Sports,260.97,2,521.94
1478,1288,46,2027-01-17,Electronics,382.99,2,765.98
1479,1477,26,2027-01-18,Electronics,226.43,4,905.72
1480,1230,49,2027-01-19,Electronics,395.98,3,1187.94
1481,1922,5,2027-01-20,Sports,311.08,1,311.08
1482,1419,20,2027-01-21,Clothing,60.98,2,121.96
1483,1156,41,2027-01-22,Electronics,82.38,9,741.42
1484,1549,11,2027-01-23,Home,221.33,1,221.33
1485,1440,33,2027-01-24,Sports,201.46,9,1813.14
1486,1096,38,2027-01-25,Food,373.05,7,2611.35
1487,1996,27,2027-01-26,Food,292.46,2,584.92
1488,1410,34,2027-01-27,Home,197.13,2,394.26
1489,1950,15,2027-01-28,Clothing,89.53,5,447.65
1490,1288,32,2027-01-29,Electronics,117.28,5,586.4
1491,1253,21,2027-01-30,Sports,289.87,4,1159.48
1492,1195,46,2027-01-31,Electronics,214.6,3,643.8
1493,1597,5,2027-02-01,Sports,259.89,4,1039.56
1494,1833,6,2027-02-02,Food,89.49,4,357.96
1495,1521,38,2027-02-03,Electronics,333.14,2,666.28
1496,1516,22,2027-02-04,Home,427.01,5,2135.05
1497,1634,18,2027-02-05,Clothing,132.68,5,663.4
1498,1841,14,2027-02-06,Home,248.3,5,1241.5
1499,1864,10,2027-02-07,Clothing,487.89,1,487.89
1500,1117,46,2027-02-08,Electronics,169.95,6,1019.7
1501,1805,13,2027-02-09,Electronics,299.55,2,599.1
1502,1908,31,2027-02-10,Clothing,49.65,7,347.55
1503,1158,30,2027-02-11,Food,304.98,4,1219.92
1504,1814,3,2027-02-12,Sports,49.37,5,246.85
1505,1227,30,2027-02-13,Home,479.82,5,2399.1
1506,1876,6,2027-02-14,Home,359.25,5,1796.25
1507,1215,29,2027-02-15,Home,395.14,2,790.28
1508,1947,8,2027-02-16,Electronics,353.53,5,1767.65
1509,1695,44,2027-02-17,Home,296.92,3,890.76
1510,1014,45,2027-02-18,Sports,227.71,4,910.84
1511,1156,43,2027-02-19,Sports,429.89,2,859.78
1512,1647,44,2027-02-20,Clothing,478.63,4,1914.52
1513,1260,33,2027-02-21,Electronics,252.02,9,2268.18
1514,1156,17,2027-02-22,Sports,466.11,8,3728.88
1515,1046,48,2027-02-23,Food,293.75,3,881.25
1516,1323,11,2027-02-24,Electronics,271.5,1,271.5
1517,1843,13,2027-02-25,Electronics,229.97,1,229.97
1518,1684,11,2027-02-26,Sports,108.6,6,651.6
1519,1129,31,2027-02-27,Food,6.84,3,20.52
1520,1410,28,2027-02-28,Clothing,124.55,4,498.2
1521,1094,44,2027-03-01,Sports,257.31,1,257.31
1522,1626,6,2027-03-02,Food,193.08,8,1544.64
1523,1754,41,2027-03-03,Electronics,227.0,1,227.0
1524,1931,16,2027-03-04,Food,490.42,5,2452.1
1525,1291,4,2027-03-05,Electronics,178.38,6,1070.28
1526,1793,35,2027-03-06,Sports,228.83,2,457.66
1527,1810,48,2027-03-07,Sports,71.09,7,497.63
1528,1282,26,2027-03-08,Home,28.74,7,201.18
1529,1068,12,2027-03-09,Home,388.83,1,388.83
1530,1659,11,2027-03-10,Home,287.49,4,1149.96
1531,1010,37,2027-03-11,Sports,381.55,4,1526.2
1532,1253,25,2027-03-12,Clothing,79.18,5,395.9
1533,1841,18,2027-03-13,Sports,288.06,1,288.06
1534,1871,19,2027-03-14,Food,130.55,1,130.55
1535,1549,23,2027-03-15,Sports,117.89,7,825.23
1536,1133,38,2027-03-16,Sports,10.71,9,96.39
1537,1711,18,2027-03-17,Electronics,69.52,1,69.52
1538,1022,26,2027-03-18,Electronics,158.09,2,316.18
1539,1814,6,2027-03-19,Electronics,62.85,6,377.1
1540,1345,4,2027-03-20,Sports,493.0,6,2958.0
1541,1301,44,2027-03-21,Clothing,157.77,2,315.54
1542,1362,29,2027-03-22,Food,69.51,9,625.59
1543,1395,34,2027-03-23,Food,103.55,4,414.2
1544,1217,17,2027-03-24,Clothing,295.91,7,2071.37
1545,1140,43,2027-03-25,Clothing,36.7,6,220.2
1546,1615,43,2027-03-26,Food,431.9,3,1295.7
1547,1957,16,2027-03-27,Home,480.94,8,3847.52
1548,1209,2,2027-03-28,Electronics,127.14,7,889.98
1549,1984,34,2027-03-29,Electronics,227.8,9,2050.2
1550,1992,8,2027-03-30,Food,15.96,3,47.88
1551,1622,13,2027-03-31,Clothing,322.15,1,322.15
1552,1615,42,2027-04-01,Home,209.89,2,419.78
1553,1827,8,2027-04-02,Food,138.68,1,138.68
1554,1682,30,2027-04-03,Electronics,107.38,5,536.9
1555,1459,32,2027-04-04,Sports,328.74,2,657.48
1556,1355,36,2027-04-05,Clothing,211.03,3,633.09
1557,1323,47,2027-04-06,Sports,93.93,8,751.44
1558,1132,30,2027-04-07,Food,346.11,5,1730.55
1559,1887,1,2027-04-08,Electronics,284.71,4,1138.84
1560,1804,43,2027-04-09,Home,430.04,5,2150.2
1561,1839,39,2027-04-10,Sports,63.15,6,378.9
1562,1126,17,2027-04-11,Home,393.9,7,2757.3
1563,1105,20,2027-04-12,Electronics,338.39,9,3045.51
1564,1603,24,2027-04-13,Sports,61.93,1,61.93
1565,1798,22,2027-04-14,Home,348.94,4,1395.76
1566,1377,29,2027-04-15,Home,223.57,9,2012.13
1567,1904,22,2027-04-16,Sports,472.77,5,2363.85
1568,1050,44,2027-04-17,Electronics,75.1,8,600.8
1569,1028,9,2027-04-18,Home,323.2,1,323.2
1570,1461,37,2027-04-19,Food,194.08,4,776.32
1571,1295,10,2027-04-20,Sports,478.62,9,4307.58
1572,1296,36,2027-04-21,Clothing,168.34,1,168.34
1573,1725,37,2027-04-22,Clothing,481.28,1,481.28
1574,1778,28,2027-04-23,Electronics,451.24,4,1804.96
1575,1406,28,2027-04-24,Food,138.84,3,416.52
1576,1768,42,2027-04-25,Home,402.75,7,2819.25
1577,1813,43,2027-04-26,Clothing,497.82,3,1493.46
1578,1612,21,2027-04-27,Electronics,130.07,1,130.07
1579,1404,24,2027-04-28,Food,221.2,2,442.4
1580,1345,42,2027-04-29,Food,262.49,4,1049.96
1581,1621,40,2027-04-30,Electronics,150.99,1,150.99
1582,1419,2,2027-05-01,Electronics,12.56,1,12.56
1583,1181,8,2027-05-02,Home,113.96,8,911.68
1584,1982,48,2027-05-03,Electronics,144.56,7,1011.92
1585,1824,27,2027-05-04,Home,224.58,8,1796.64
1586,1000,22,2027-05-05,Home,89.7,4,358.8
1587,1830,37,2027-05-06,Sports,437.26,6,2623.56
1588,1949,27,2027-05-07,Food,353.93,3,1061.79
1589,1566,29,2027-05-08,Food,47.17,8,377.36
1590,1370,3,2027-05-09,Food,326.8,4,1307.2
1591,1935,44,2027-05-10,Sports,328.56,3,985.68
1592,1910,13,2027-05-11,Home,478.33,4,1913.32
1593,1660,45,2027-05-12,Home,6.5,6,39.0
1594,1430,10,2027-05-13,Electronics,127.73,7,894.11
1595,1968,36,2027-05-14,Sports,464.26,7,3249.82
1596,1308,9,2027-05-15,Electronics,466.41,4,1865.64
1597,1136,27,2027-05-16,Sports,361.69,8,2893.52
1598,1201,34,2027-05-17,Electronics,384.05,7,2688.35
1599,1435,1,2027-05-18,Clothing,50.28,2,100.56
1600,1312,32,2027-05-19,Food,259.37,8,2074.96
1601,1116,25,2027-05-20,Food,119.63,9,1076.67
1602,1665,29,2027-05-21,Home,94.7,5,473.5
1603,1936,7,2027-05-22,Clothing,406.1,4,1624.4
1604,1802,49,2027-05-23,Food,71.84,4,287.36
1605,1574,3,2027-05-24,Home,236.98,4,947.92
1606,1243,20,2027-05-25,Clothing,469.6,6,2817.6
1607,1536,20,2027-05-26,Food,96.99,4,387.96
1608,1601,30,2027-05-27,Electronics,489.11,7,3423.77
1609,1074,35,2027-05-28,Sports,497.17,7,3480.19
1610,1805,35,2027-05-29,Clothing,280.03,5,1400.15
1611,1385,49,2027-05-30,Home,89.22,5,446.1
1612,1902,39,2027-05-31,Clothing,161.47,8,1291.76
1613,1209,27,2027-06-01,Home,215.12,7,1505.84
1614,1474,26,2027-06-02,Clothing,158.12,7,1106.84
1615,1417,14,2027-06-03,Home,143.91,6,863.46
1616,1346,17,2027-06-04,Food,486.25,7,3403.75
1617,1528,18,2027-06-05,Electronics,80.92,7,566.44
1618,1639,45,2027-06-06,Food,368.0,2,736.0
1619,1938,29,2027-06-07,Electronics,5.2,2,10.4
1620,1954,20,2027-06-08,Food,300.11,7,2100.77
1621,1875,27,2027-06-09,Food,458.39,7,3208.73
1622,1762,18,2027-06-10,Clothing,147.53,7,1032.71
1623,1178,4,2027-06-11,Sports,96.84,5,484.2
1624,1181,1,2027-06-12,Home,327.58,1,327.58
1625,1663,1,2027-06-13,Home,357.74,2,715.48
1626,1024,26,2027-06-14,Home,345.58,9,3110.22
1627,1966,45,2027-06-15,Electronics,163.06,8,1304.48
1628,1179,20,2027-06-16,Home,129.84,8,1038.72
1629,1709,23,2027-06-17,Home,478.18,1,478.18
1630,1500,10,2027-06-18,Clothing,462.03,6,2772.18
1631,1855,11,2027-06-19,Food,231.37,9,2082.33
1632,1160,41,2027-06-20,Home,423.87,8,3390.96
1633,1176,41,2027-06-21,Sports,228.9,3,686.7
1634,1284,5,2027-06-22,Home,215.07,4,860.28
1635,1062,1,2027-06-23,Electronics,82.6,3,247.8
1636,1661,17,2027-06-24,Electronics,216.07,6,1296.42
1637,1665,22,2027-06-25,Electronics,271.02,9,2439.18
1638,1155,34,2027-06-26,Home,16.14,8,129.12
1639,1881,45,2027-06-27,Clothing,224.84,4,899.36
1640,1468,41,2027-06-28,Sports,391.77,2,783.54
1641,1048,29,2027-06-29,Home,341.62,8,2732.96
1642,1966,4,2027-06-30,Clothing,319.4,8,2555.2
1643,1848,5,2027-07-01,Clothing,455.23,6,2731.38
1644,1083,11,2027-07-02,Home,13.93,8,111.44
1645,1360,21,2027-07-03,Home,280.74,9,2526.66
1646,1688,35,2027-07-04,Clothing,394.74,1,394.74
1647,1147,12,2027-07-05,Clothing,272.96,9,2456.64
1648,1629,26,2027-07-06,Clothing,165.33,2,330.66
1649,1341,19,2027-07-07,Home,72.44,1,72.44
1650,1475,45,2027-07-08,Clothing,444.34,8,3554.72
1651,1062,7,2027-07-09,Electronics,238.03,8,1904.24
1652,1700,47,2027-07-10,Home,439.67,4,1758.68
1653,1359,7,2027-07-11,Electronics,295.0,8,2360.0
1654,1560,26,2027-07-12,Food,338.73,7,2371.11
1655,1326,40,2027-07-13,Home,403.11,2,806.22
1656,1768,5,2027-07-14,Food,331.28,5,1656.4
1657,1735,21,2027-07-15,Clothing,202.04,4,808.16
1658,1140,14,2027-07-16,Clothing,259.25,3,777.75
1659,1989,4,2027-07-17,Sports,402.51,1,402.51
1660,1214,23,2027-07-18,Clothing,189.96,5,949.8
1661,1434,42,2027-07-19,Food,197.12,8,1576.96
1662,1890,20,2027-07-20,Clothing,52.37,9,471.33
1663,1951,15,2027-07-21,Home,457.72,7,3204.04
1664,1722,45,2027-07-22,Clothing,50.06,1,50.06
1665,1317,29,2027-07-23,Sports,325.86,1,325.86
1666,1031,8,2027-07-24,Clothing,209.53,1,209.53
1667,1669,41,2027-07-25,Food,205.78,2,411.56
1668,1284,48,2027-07-26,Food,341.38,1,341.38
1669,1304,19,2027-07-27,Clothing,38.21,4,152.84
1670,1428,48,2027-07-28,Food,298.88,9,2689.92
1671,1476,39,2027-07-29,Food,387.16,4,1548.64
1672,1285,46,2027-07-30,Sports,414.97,4,1659.88
1673,1143,28,2027-07-31,Home,89.41,7,625.87
1674,1423,46,2027-08-01,Sports,449.22,9,4042.98
1675,1018,27,2027-08-02,Electronics,329.79,7,2308.53
1676,1017,4,2027-08-03,Sports,441.52,1,441.52
1677,1768,15,2027-08-04,Clothing,245.21,1,245.21
1678,1589,35,2027-08-05,Home,273.31,4,1093.24
1679,1370,37,2027-08-06,Clothing,459.92,4,1839.68
1680,1174,1,2027-08-07,Electronics,450.46,1,450.46
1681,1193,3,2027-08-08,Home,226.84,6,1361.04
1682,1501,47,2027-08-09,Food,140.83,2,281.66
1683,1987,24,2027-08-10,Sports,199.62,5,998.1
1684,1112,27,2027-08-11,Clothing,196.94,8,1575.52
1685,1113,40,2027-08-12,Electronics,147.0,3,441.0
1686,1221,36,2027-08-13,Food,137.95,9,1241.55
1687,1677,34,2027-08-14,Sports,431.23,7,3018.61
1688,1946,29,2027-08-15,Food,39.58,9,356.22
1689,1830,24,2027-08-16,Sports,340.42,1,340.42
1690,1643,24,2027-08-17,Home,90.55,5,452.75
1691,1896,42,2027-08-18,Food,175.53,3,526.59
1692,1263,4,2027-08-19,Food,35.46,4,141.84
1693,1924,3,2027-08-20,Food,138.64,4,554.56
1694,1054,34,2027-08-21,Home,385.37,7,2697.59
1695,1870,49,2027-08-22,Electronics,443.08,8,3544.64
1696,1642,23,2027-08-23,Sports,114.66,5,573.3
1697,1799,23,2027-08-24,Food,234.46,7,1641.22
1698,1777,45,2027-08-25,Home,237.81,3,713.43
1699,1457,5,2027-08-26,Electronics,437.42,3,1312.26
1700,1978,31,2027-08-27,Sports,382.59,3,1147.77
1701,1877,41,2027-08-28,Home,258.97,4,1035.88
1702,1161,6,2027-08-29,Sports,337.02,6,2022.12
1703,1379,37,2027-08-30,Food,424.44,5,2122.2
1704,1992,10,2027-08-31,Electronics,9.72,8,77.76
1705,1086,40,2027-09-01,Home,204.43,5,1022.15
1706,1054,7,2027-09-02,Electronics,454.09,5,2270.45
1707,1475,39,2027-09-03,Food,371.45,2,742.9
1708,1799,38,2027-09-04,Electronics,273.71,5,1368.55
1709,1177,21,2027-09-05,Electronics,267.17,7,1870.19
1710,1390,20,2027-09-06,Clothing,177.15,2,354.3
1711,1348,3,2027-09-07,Electronics,262.66,6,1575.96
1712,1007,22,2027-09-08,Sports,329.41,7,2305.87
1713,1832,47,2027-09-09,Home,212.09,5,1060.45
1714,1312,4,2027-09-10,Clothing,358.51,9,3226.59
1715,1758,28,2027-09-11,Home,431.31,4,1725.24
1716,1834,12,2027-09-12,Home,81.57,1,81.57
1717,1983,38,2027-09-13,Food,228.52,8,1828.16
1718,1982,36,2027-09-14,Food,206.97,8,1655.76
1719,1442,47,2027-09-15,Clothing,345.3,7,2417.1
1720,1766,41,2027-09-16,Food,128.68,8,1029.44
1721,1327,5,2027-09-17,Food,321.92,2,643.84
1722,1053,13,2027-09-18,Food,439.36,3,1318.08
1723,1760,23,2027-09-19,Home,211.98,9,1907.82
1724,1238,30,2027-09-20,Clothing,455.95,1,455.95
1725,1228,37,2027-09-21,Home,496.62,8,3972.96
1726,1578,25,2027-09-22,Sports,57.52,8,460.16
1727,1050,48,2027-09-23,Home,120.36,7,842.52
1728,1608,27,2027-09-24,Sports,475.44,5,2377.2
1729,1603,14,2027-09-25,Electronics,479.37,4,1917.48
1730,1263,48,2027-09-26,Electronics,53.37,6,320.22
1731,1417,47,2027-09-27,Sports,12.42,1,12.42
1732,1802,36,2027-09-28,Sports,84.74,5,423.7
1733,1095,39,2027-09-29,Home,498.03,4,1992.12
1734,1087,16,2027-09-30,Sports,94.1,4,376.4
1735,1077,22,2027-10-01,Clothing,253.76,7,1776.32
1736,1287,21,2027-10-02,Electronics,424.97,9,3824.73
1737,1119,21,2027-10-03,Electronics,15.1,8,120.8
1738,1813,8,2027-10-04,Sports,304.22,8,2433.76
1739,1490,49,2027-10-05,Food,142.13,5,710.65
1740,1911,16,2027-10-06,Food,431.86,6,2591.16
1741,1451,31,2027-10-07,Sports,145.31,2,290.62
1742,1499,42,2027-10-08,Clothing,344.94,3,1034.82
1743,1164,10,2027-10-09,Food,338.74,5,1693.7
1744,1181,32,2027-10-10,Sports,114.64,2,229.28
1745,1468,34,2027-10-11,Clothing,22.23,3,66.69
1746,1909,9,2027-10-12,Clothing,207.58,4,830.32
1747,1734,17,2027-10-13,Home,148.15,6,888.9
1748,1822,11,2027-10-14,Clothing,405.44,5,2027.2
1749,1943,32,2027-10-15,Food,401.18,4,1604.72
1750,1977,10,2027-10-16,Food,231.23,2,462.46
1751,1006,22,2027-10-17,Sports,305.22,5,1526.1
1752,1329,17,2027-10-18,Sports,304.11,5,1520.55
1753,1774,4,2027-10-19,Clothing,414.44,7,2901.08
1754,1672,48,2027-10-20,Electronics,215.38,1,215.38
1755,1150,47,2027-10-21,Home,141.35,4,565.4
1756,1084,25,2027-10-22,Electronics,136.19,5,680.95
1757,1146,21,2027-10-23,Clothing,270.42,8,2163.36
1758,1623,37,2027-10-24,Clothing,227.33,8,1818.64
1759,1380,38,2027-10-25,Electronics,222.86,1,222.86
1760,1914,49,2027-10-26,Home,50.11,5,250.55
1761,1547,1,2027-10-27,Electronics,360.71,1,360.71
1762,1284,25,2027-10-28,Sports,110.8,1,110.8
1763,1699,36,2027-10-29,Food,102.49,2,204.98
1764,1081,17,2027-10-30,Sports,209.32,2,418.64
1765,1513,41,2027-10-31,Food,117.75,9,1059.75
1766,1896,24,2027-11-01,Clothing,294.01,4,1176.04
1767,1814,2,2027-11-02,Home,188.87,3,566.61
1768,1708,40,2027-11-03,Electronics,227.21,1,227.21
1769,1915,15,2027-11-04,Home,270.9,2,541.8
1770,1522,32,2027-11-05,Electronics,105.75,6,634.5
1771,1745,39,2027-11-06,Sports,82.1,9,738.9
1772,1385,6,2027-11-07,Sports,440.81,5,2204.05
1773,1706,1,2027-11-08,Electronics,219.69,4,878.76
1774,1470,47,2027-11-09,Home,208.99,5,1044.95
1775,1118,23,2027-11-10,Electronics,22.63,9,203.67
1776,1395,39,2027-11-11,Clothing,251.5,7,1760.5
1777,1531,17,2027-11-12,Sports,279.31,8,2234.48
1778,1260,34,2027-11-13,Clothing,281.63,4,1126.52
1779,1804,41,2027-11-14,Sports,354.98,8,2839.84
1780,1933,29,2027-11-15,Sports,92.85,6,557.1
1781,1255,9,2027-11-16,Food,129.85,5,649.25
1782,1733,13,2027-11-17,Clothing,406.31,7,2844.17
1783,1904,6,2027-11-18,Clothing,473.85,6,2843.1
1784,1225,6,2027-11-19,Food,72.29,3,216.87
1785,1052,20,2027-11-20,Home,251.34,5,1256.7
1786,1939,3,2027-11-21,Clothing,111.02,9,999.18
1787,1866,17,2027-11-22,Electronics,34.74,7,243.18
1788,1499,49,2027-11-23,Food,166.12,4,664.48
1789,1505,12,2027-11-24,Clothing,76.13,7,532.91
1790,1853,48,2027-11-25,Home,356.42,5,1782.1
1791,1363,47,2027-11-26,Clothing,269.19,2,538.38
1792,1279,45,2027-11-27,Sports,76.2,6,457.2
1793,1592,1,2027-11-28,Electronics,9.57,7,66.99
1794,1713,17,2027-11-29,Food,405.04,8,3240.32
1795,1157,3,2027-11-30,Sports,92.22,6,553.32
1796,1631,26,2027-12-01,Home,305.08,8,2440.64
1797,1058,15,2027-12-02,Sports,171.78,7,1202.46
1798,1726,36,2027-12-03,Sports,294.82,2,589.64
1799,1127,32,2027-12-04,Home,161.25,6,967.5
1800,1735,32,2027-12-05,Sports,48.04,9,432.36
1801,1720,4,2027-12-06,Food,115.36,6,692.16
1802,1881,18,2027-12-07,Clothing,98.09,4,392.36
1803,1114,49,2027-12-08,Sports,216.87,7,1518.09
1804,1208,19,2027-12-09,Food,330.85,3,992.55
1805,1525,43,2027-12-10,Clothing,135.58,5,677.9
1806,1520,35,2027-12-11,Clothing,10.97,1,10.97
1807,1551,40,2027-12-12,Sports,261.87,3,785.61
1808,1961,14,2027-12-13,Food,304.85,8,2438.8
1809,1236,33,2027-12-14,Sports,481.62,9,4334.58
1810,1280,14,2027-12-15,Home,296.79,9,2671.11
1811,1358,34,2027-12-16,Clothing,238.23,2,476.46
1812,1200,4,2027-12-17,Sports,288.83,4,1155.32
1813,1757,24,2027-12-18,Clothing,464.31,5,2321.55
1814,1277,29,2027-12-19,Food,415.05,3,1245.15
1815,1234,19,2027-12-20,Electronics,164.87,1,164.87
1816,1493,6,2027-12-21,Sports,122.44,6,734.64
1817,1003,33,2027-12-22,Sports,135.0,2,270.0
1818,1665,49,2027-12-23,Clothing,254.69,9,2292.21
1819,1441,40,2027-12-24,Food,373.3,1,373.3
1820,1028,19,2027-12-25,Home,254.09,9,2286.81
1821,1108,1,2027-12-26,Food,38.56,7,269.92
1822,1609,5,2027-12-27,Sports,363.17,2,726.34
1823,1726,27,2027-12-28,Home,403.96,6,2423.76
1824,1804,16,2027-12-29,Food,148.3,8,1186.4
1825,1074,6,2027-12-30,Electronics,333.74,2,667.48
1826,1837,40,2027-12-31,Clothing,216.16,5,1080.8
1827,1145,13,2028-01-01,Food,445.11,6,2670.66
1828,1127,48,2028-01-02,Food,423.39,3,1270.17
1829,1852,35,2028-01-03,Electronics,265.09,2,530.18
1830,1041,19,2028-01-04,Sports,347.3,6,2083.8
1831,1355,12,2028-01-05,Clothing,442.26,3,1326.78
1832,1040,16,2028-01-06,Food,250.38,2,500.76
1833,1933,43,2028-01-07,Home,160.06,1,160.06
1834,1033,10,2028-01-08,Food,378.06,8,3024.48
1835,1016,25,2028-01-09,Clothing,113.93,1,113.93
1836,1676,20,2028-01-10,Food,197.32,5,986.6
1837,1152,31,2028-01-11,Electronics,433.53,6,2601.18
1838,1997,4,2028-01-12,Food,363.59,3,1090.77
1839,1377,44,2028-01-13,Food,204.89,7,1434.23
1840,1587,23,2028-01-14,Home,111.3,2,222.6
1841,1598,2,2028-01-15,Electronics,181.2,7,1268.4
1842,1628,22,2028-01-16,Electronics,145.63,2,291.26
1843,1873,37,2028-01-17,Food,92.16,5,460.8
1844,1341,8,2028-01-18,Home,372.95,7,2610.65
1845,1980,7,2028-01-19,Food,129.77,3,389.31
1846,1026,14,2028-01-20,Food,229.81,4,919.24
1847,1824,3,2028-01-21,Clothing,196.0,1,196.0
1848,1286,16,2028-01-22,Clothing,491.13,3,1473.39
1849,1645,19,2028-01-23,Home,198.59,9,1787.31
1850,1730,18,2028-01-24,Sports,44.59,5,222.95
1851,1167,16,2028-01-25,Clothing,49.46,8,395.68
1852,1609,8,2028-01-26,Sports,297.42,2,594.84
1853,1267,33,2028-01-27,Electronics,301.68,3,905.04
1854,1748,49,2028-01-28,Clothing,212.29,7,1486.03
1855,1820,12,2028-01-29,Clothing,218.76,4,875.04
1856,1454,11,2028-01-30,Home,31.7,9,285.3
1857,1905,5,2028-01-31,Sports,260.69,7,1824.83
1858,1684,27,2028-02-01,Clothing,254.85,1,254.85
1859,1400,12,2028-02-02,Clothing,79.03,4,316.12
1860,1921,17,2028-02-03,Home,56.4,6,338.4
1861,1980,6,2028-02-04,Home,66.17,6,397.02
1862,1475,33,2028-02-05,Sports,55.01,6,330.06
1863,1701,5,2028-02-06,Electronics,306.81,5,1534.05
1864,1633,28,2028-02-07,Electronics,102.26,3,306.78
1865,1557,14,2028-02-08,Food,129.46,2,258.92
1866,1575,5,2028-02-09,Clothing,90.92,3,272.76
1867,1129,33,2028-02-10,Sports,479.13,9,4312.17
1868,1821,48,2028-02-11,Clothing,428.04,3,1284.12
1869,1362,41,2028-02-12,Sports,119.09,3,357.27
1870,1704,19,2028-02-13,Sports,167.15,1,167.15
1871,1818,22,2028-02-14,Sports,108.9,2,217.8
1872,1692,5,2028-02-15,Clothing,248.48,3,745.44
1873,1291,2,2028-02-16,Home,14.71,2,29.42
1874,1370,30,2028-02-17,Clothing,337.33,8,2698.64
1875,1793,47,2028-02-18,Sports,263.96,6,1583.76
1876,1028,39,2028-02-19,Food,449.83,7,3148.81
1877,1148,4,2028-02-20,Electronics,86.37,1,86.37
1878,1778,33,2028-02-21,Sports,403.03,6,2418.18
1879,1295,13,2028-02-22,Food,397.02,2,794.04
1880,1010,20,2028-02-23,Home,67.95,6,407.7
1881,1511,7,2028-02-24,Sports,202.29,3,606.87
1882,1675,15,2028-02-25,Food,89.23,7,624.61
1883,1112,23,2028-02-26,Sports,131.09,3,393.27
1884,1186,14,2028-02-27,Clothing,135.31,9,1217.79
1885,1806,23,2028-02-28,Food,280.34,3,841.02
1886,1743,19,2028-02-29,Clothing,208.65,7,1460.55
1887,1226,29,2028-03-01,Clothing,474.13,4,1896.52
1888,1309,20,2028-03-02,Food,67.55,8,540.4
1889,1097,29,2028-03-03,Electronics,486.98,2,973.96
1890,1054,24,2028-03-04,Food,119.17,8,953.36
1891,1622,18,2028-03-05,Electronics,387.57,9,3488.13
1892,1663,10,2028-03-06,Sports,172.79,8,1382.32
1893,1757,41,2028-03-07,Sports,75.83,6,454.98
1894,1405,8,2028-03-08,Food,429.66,1,429.66
1895,1068,26,2028-03-09,Sports,157.89,7,1105.23
1896,1311,29,2028-03-10,Home,331.13,1,331.13
1897,1288,10,2028-03-11,Clothing,285.39,7,1997.73
1898,1761,17,2028-03-12,Clothing,238.52,2,477.04
1899,1547,2,2028-03-13,Electronics,250.43,8,2003.44
1900,1750,6,2028-03-14,Sports,367.46,2,734.92
1901,1147,5,2028-03-15,Electronics,48.45,3,145.35
1902,1466,28,2028-03-16,Clothing,335.75,3,1007.25
1903,1738,41,2028-03-17,Clothing,448.43,1,448.43
1904,1243,5,2028-03-18,Sports,33.61,5,168.05
1905,1490,18,2028-03-19,Home,74.62,5,373.1
1906,1848,26,2028-03-20,Home,359.73,5,1798.65
1907,1957,20,2028-03-21,Sports,221.45,9,1993.05
1908,1506,41,2028-03-22,Sports,204.76,6,1228.56
1909,1364,49,2028-03-23,Electronics,72.8,6,436.8
1910,1481,27,2028-03-24,Sports,255.85,3,767.55
1911,1200,49,2028-03-25,Home,67.64,5,338.2
1912,1153,12,2028-03-26,Sports,240.93,7,1686.51
1913,1449,7,2028-03-27,Electronics,382.99,3,1148.97
1914,1500,3,2028-03-28,Electronics,132.84,2,265.68
1915,1072,10,2028-03-29,Electronics,242.99,5,1214.95
1916,1712,34,2028-03-30,Electronics,496.05,3,1488.15
1917,1295,25,2028-03-31,Food,344.89,5,1724.45
1918,1016,35,2028-04-01,Sports,421.47,9,3793.23
1919,1640,16,2028-04-02,Clothing,210.35,1,210.35
1920,1216,2,2028-04-03,Sports,385.09,4,1540.36
1921,1060,24,2028-04-04,Food,25.05,5,125.25
1922,1938,10,2028-04-05,Electronics,65.84,2,131.68
1923,1615,38,2028-04-06,Food,105.52,2,211.04
1924,1041,22,2028-04-07,Home,203.97,1,203.97
1925,1024,26,2028-04-08,Home,423.64,8,3389.12
1926,1038,43,2028-04-09,Sports,176.4,2,352.8
1927,1802,39,2028-04-10,Sports,329.04,3,987.12
1928,1130,27,2028-04-11,Clothing,356.11,2,712.22
1929,1497,29,2028-04-12,Clothing,295.16,4,1180.64
1930,1228,47,2028-04-13,Home,181.83,1,181.83
1931,1107,38,2028-04-14,Electronics,290.64,3,871.92
1932,1171,20,2028-04-15,Food,174.42,5,872.1
1933,1434,27,2028-04-16,Clothing,46.52,1,46.52
1934,1477,41,2028-04-17,Clothing,496.44,4,1985.76
1935,1101,20,2028-04-18,Electronics,67.96,6,407.76
1936,1865,44,2028-04-19,Electronics,40.81,4,163.24
1937,1523,19,2028-04-20,Sports,439.87,7,3079.09
1938,1274,20,2028-04-21,Food,154.41,7,1080.87
1939,1612,35,2028-04-22,Electronics,326.9,6,1961.4
1940,1043,47,2028-04-23,Clothing,167.86,9,1510.74
1941,1954,2,2028-04-24,Clothing,198.77,2,397.54
1942,1816,30,2028-04-25,Home,134.75,8,1078.0
1943,1956,34,2028-04-26,Electronics,174.81,8,1398.48
1944,1016,22,2028-04-27,Sports,208.3,4,833.2
1945,1329,3,2028-04-28,Food,361.61,6,2169.66
1946,1568,6,2028-04-29,Sports,258.21,6,1549.26
1947,1822,15,2028-04-30,Clothing,472.06,5,2360.3
1948,1496,27,2028-05-01,Sports,25.73,1,25.73
1949,1814,10,2028-05-02,Clothing,254.02,3,762.06
1950,1011,9,2028-05-03,Clothing,294.19,7,2059.33
1951,1317,33,2028-05-04,Clothing,460.5,8,3684.0
1952,1591,32,2028-05-05,Clothing,29.33,2,58.66
1953,1215,48,2028-05-06,Clothing,288.88,3,866.64
1954,1338,6,2028-05-07,Home,427.55,4,1710.2
1955,1775,41,2028-05-08,Sports,124.75,5,623.75
1956,1990,36,2028-05-09,Home,438.76,3,1316.28
1957,1660,2,2028-05-10,Home,14.43,5,72.15
1958,1080,29,2028-05-11,Electronics,367.57,8,2940.56
1959,1726,4,2028-05-12,Electronics,466.89,8,3735.12
1960,1484,1,2028-05-13,Electronics,330.31,2,660.62
1961,1373,19,2028-05-14,Food,222.32,6,1333.92
1962,1975,26,2028-05-15,Electronics,27.22,4,108.88
1963,1709,25,2028-05-16,Sports,460.46,9,4144.14
1964,1199,10,2028-05-17,Home,237.8,2,475.6
1965,1536,15,2028-05-18,Sports,19.35,8,154.8
1966,1465,22,2028-05-19,Electronics,346.46,1,346.46
1967,1088,48,2028-05-20,Food,243.51,6,1461.06
1968,1267,21,2028-05-21,Food,66.55,1,66.55
1969,1654,22,2028-05-22,Home,111.06,2,222.12
1970,1570,36,2028-05-23,Sports,36.92,3,110.76
1971,1921,34,2028-05-24,Clothing,289.28,9,2603.52
1972,1488,30,2028-05-25,Sports,312.9,5,1564.5
1973,1876,25,2028-05-26,Electronics,255.34,2,510.68
1974,1537,45,2028-05-27,Clothing,409.47,5,2047.35
1975,1046,28,2028-05-28,Food,431.2,5,2156.0
1976,1287,1,2028-05-29,Home,309.73,1,309.73
1977,1777,49,2028-05-30,Home,11.31,3,33.93
1978,1015,45,2028-05-31,Food,349.14,5,1745.7
1979,1710,4,2028-06-01,Electronics,211.91,9,1907.19
1980,1400,7,2028-06-02,Food,284.95,1,284.95
1981,1918,49,2028-06-03,Electronics,326.29,8,2610.32
1982,1793,9,2028-06-04,Clothing,178.37,1,178.37
1983,1980,36,2028-06-05,Food,458.96,9,4130.64
1984,1085,19,2028-06-06,Electronics,71.32,6,427.92
1985,1249,1,2028-06-07,Clothing,337.4,1,337.4
1986,1390,10,2028-06-08,Food,7.16,8,57.28
1987,1781,36,2028-06-09,Home,462.7,5,2313.5
1988,1334,9,2028-06-10,Food,60.69,7,424.83
1989,1628,45,2028-06-11,Sports,51.97,7,363.79
1990,1518,46,2028-06-12,Food,169.84,7,1188.88
1991,1136,42,2028-06-13,Sports,189.92,6,1139.52
1992,1882,32,2028-06-14,Clothing,111.08,8,888.64
1993,1687,32,2028-06-15,Food,294.64,9,2651.76
1994,1839,6,2028-06-16,Clothing,224.24,2,448.48
1995,1497,48,2028-06-17,Clothing,21.92,7,153.44
1996,1826,38,2028-06-18,Electronics,163.23,2,326.46
1997,1726,17,2028-06-19,Clothing,406.16,6,2436.96
1998,1476,10,2028-06-20,Clothing,346.4,2,692.8
1999,1593,27,2028-06-21,Food,363.81,6,2182.86
2000,1222,35,2028-06-22,Food,350.57,2,701.14
2001,1989,21,2028-06-23,Home,158.93,1,158.93
2002,1371,25,2028-06-24,Electronics,54.33,7,380.31
2003,1934,28,2028-06-25,Clothing,139.87,3,419.61
2004,1994,47,2028-06-26,Electronics,416.73,4,1666.92
2005,1401,15,2028-06-27,Sports,490.33,6,2941.98
2006,1442,4,2028-06-28,Clothing,249.45,5,1247.25
2007,1489,29,2028-06-29,Electronics,9.8,4,39.2
2008,1614,9,2028-06-30,Home,74.32,9,668.88
2009,1272,27,2028-07-01,Home,164.43,6,986.58
2010,1525,26,2028-07-02,Clothing,291.4,6,1748.4
2011,1158,19,2028-07-03,Sports,42.17,2,84.34
2012,1151,28,2028-07-04,Home,471.96,6,2831.76
2013,1994,17,2028-07-05,Home,185.72,7,1300.04
2014,1619,43,2028-07-06,Sports,456.73,8,3653.84
2015,1187,41,2028-07-07,Electronics,391.36,8,3130.88
2016,1812,42,2028-07-08,Home,378.94,9,3410.46
2017,1097,20,2028-07-09,Food,305.33,3,915.99
2018,1130,45,2028-07-10,Home,315.26,7,2206.82
2019,1804,40,2028-07-11,Electronics,320.81,7,2245.67
2020,1170,39,2028-07-12,Electronics,316.22,1,316.22
2021,1935,49,2028-07-13,Clothing,279.1,8,2232.8
2022,1985,23,2028-07-14,Food,493.27,4,1973.08
2023,1182,47,2028-07-15,Electronics,367.48,5,1837.4
2024,1982,32,2028-07-16,Sports,389.59,6,2337.54
2025,1363,47,2028-07-17,Food,436.87,3,1310.61
2026,1038,33,2028-07-18,Food,111.74,5,558.7
2027,1526,46,2028-07-19,Sports,46.48,5,232.4
2028,1887,5,2028-07-20,Home,244.03,1,244.03
2029,1496,43,2028-07-21,Sports,259.47,3,778.41
2030,1515,48,2028-07-22,Sports,415.44,3,1246.32
2031,1348,34,2028-07-23,Home,224.67,1,224.67
2032,1981,40,2028-07-24,Home,287.57,7,2012.99
2033,1920,11,2028-07-25,Home,265.9,1,265.9
2034,1396,3,2028-07-26,Home,23.91,7,167.37
2035,1721,33,2028-07-27,Home,309.53,4,1238.12
2036,1160,11,2028-07-28,Sports,414.88,9,3733.92
2037,1015,16,2028-07-29,Clothing,82.96,7,580.72
2038,1492,18,2028-07-30,Clothing,299.19,5,1495.95
2039,1425,30,2028-07-31,Electronics,298.84,7,2091.88
2040,1107,48,2028-08-01,Clothing,86.27,9,776.43
2041,1893,10,2028-08-02,Clothing,66.11,6,396.66
2042,1449,18,2028-08-03,Sports,490.13,1,490.13
2043,1310,38,2028-08-04,Home,199.89,6,1199.34
2044,1738,19,2028-08-05,Home,117.57,1,117.57
2045,1169,36,2028-08-06,Sports,89.81,4,359.24
2046,1545,13,2028-08-07,Clothing,335.46,8,2683.68
2047,1413,46,2028-08-08,Sports,306.68,5,1533.4
2048,1250,3,2028-08-09,Electronics,323.56,5,1617.8
2049,1758,10,2028-08-10,Home,48.56,8,388.48
2050,1780,38,2028-08-11,Food,447.3,8,3578.4
2051,1140,1,2028-08-12,Electronics,197.69,1,197.69
2052,1273,27,2028-08-13,Electronics,160.12,5,800.6
2053,1415,46,2028-08-14,Sports,233.87,5,1169.35
2054,1607,8,2028-08-15,Clothing,198.08,8,1584.64
2055,1738,46,2028-08-16,Home,432.47,1,432.47
2056,1890,42,2028-08-17,Food,464.98,7,3254.86
2057,1038,17,2028-08-18,Electronics,155.21,7,1086.47
2058,1813,9,2028-08-19,Food,432.65,9,3893.85
2059,1028,6,2028-08-20,Clothing,391.85,2,783.7
2060,1957,43,2028-08-21,Clothing,465.75,3,1397.25
2061,1476,25,2028-08-22,Food,126.65,4,506.6
2062,1317,39,2028-08-23,Home,290.59,1,290.59
2063,1244,49,2028-08-24,Clothing,140.9,7,986.3
2064,1747,28,2028-08-25,Food,412.93,3,1238.79
2065,1696,33,2028-08-26,Electronics,7.64,3,22.92
2066,1271,37,2028-08-27,Food,284.59,3,853.77
2067,1439,9,2028-08-28,Food,172.91,8,1383.28
2068,1747,18,2028-08-29,Sports,164.73,9,1482.57
2069,1238,21,2028-08-30,Clothing,324.23,2,648.46
2070,1376,2,2028-08-31,Home,426.48,1,426.48
2071,1265,43,2028-09-01,Home,306.55,9,2758.95
2072,1925,38,2028-09-02,Sports,427.32,6,2563.92
2073,1920,40,2028-09-03,Home,135.98,9,1223.82
2074,1358,36,2028-09-04,Food,262.15,6,1572.9
2075,1339,43,2028-09-05,Sports,228.02,2,456.04
2076,1388,37,2028-09-06,Electronics,10.76,1,10.76
2077,1576,15,2028-09-07,Clothing,280.62,8,2244.96
2078,1989,28,2028-09-08,Clothing,332.45,3,997.35
2079,1688,18,2028-09-09,Clothing,298.0,1,298.0
2080,1002,34,2028-09-10,Food,369.46,8,2955.68
2081,1428,22,2028-09-11,Electronics,287.81,1,287.81
2082,1141,11,2028-09-12,Sports,38.04,8,304.32
2083,1375,13,2028-09-13,Sports,62.64,1,62.64
2084,1669,4,2028-09-14,Clothing,300.25,9,2702.25
2085,1323,22,2028-09-15,Electronics,141.11,9,1269.99
2086,1145,7,2028-09-16,Electronics,44.42,9,399.78
2087,1957,43,2028-09-17,Electronics,217.65,3,652.95
2088,1292,24,2028-09-18,Home,279.39,4,1117.56
2089,1664,4,2028-09-19,Home,167.73,5,838.65
2090,1431,28,2028-09-20,Clothing,361.61,6,2169.66
2091,1704,15,2028-09-21,Electronics,323.67,9,2913.03
2092,1948,1,2028-09-22,Electronics,169.75,4,679.0
2093,1974,3,2028-09-23,Sports,378.66,6,2271.96
2094,1584,14,2028-09-24,Sports,326.1,1,326.1
2095,1398,38,2028-09-25,Clothing,320.54,2,641.08
2096,1816,1,2028-09-26,Electronics,278.95,8,2231.6
2097,1888,38,2028-09-27,Clothing,10.64,4,42.56
2098,1343,38,2028-09-28,Sports,349.77,7,2448.39
2099,1963,21,2028-09-29,Sports,191.14,4,764.56
2100,1139,48,2028-09-30,Home,471.59,9,4244.31
2101,1186,29,2028-10-01,Clothing,409.9,9,3689.1
2102,1804,5,2028-10-02,Clothing,295.91,4,1183.64
2103,1060,49,2028-10-03,Electronics,129.83,8,1038.64
2104,1996,10,2028-10-04,Electronics,105.84,6,635.04
2105,1938,28,2028-10-05,Home,173.49,1,173.49
2106,1379,21,2028-10-06,Food,240.9,7,1686.3
2107,1709,7,2028-10-07,Food,151.55,1,151.55
2108,1806,3,2028-10-08,Food,259.89,3,779.67
2109,1439,45,2028-10-09,Clothing,86.86,8,694.88
2110,1318,47,2028-10-10,Clothing,488.97,9,4400.73
2111,1301,20,2028-10-11,Sports,58.42,3,175.26
2112,1343,19,2028-10-12,Clothing,466.31,1,466.31
2113,1010,35,2028-10-13,Clothing,457.22,1,457.22
2114,1061,4,2028-10-14,Clothing,265.05,7,1855.35
2115,1844,5,2028-10-15,Home,363.83,5,1819.15
2116,1225,1,2028-10-16,Clothing,220.84,1,220.84
2117,1152,4,2028-10-17,Electronics,316.87,6,1901.22
2118,1710,12,2028-10-18,Electronics,173.59,6,1041.54
2119,1563,27,2028-10-19,Sports,154.07,4,616.28
2120,1771,42,2028-10-20,Home,291.22,7,2038.54
2121,1570,23,2028-10-21,Electronics,251.57,7,1760.99
2122,1583,25,2028-10-22,Home,291.87,9,2626.83
2123,1659,21,2028-10-23,Home,146.9,1,146.9
2124,1860,24,2028-10-24,Sports,186.64,5,933.2
2125,1574,25,2028-10-25,Home,46.53,3,139.59
2126,1309,45,2028-10-26,Clothing,30.88,7,216.16
2127,1884,46,2028-10-27,Home,130.46,4,521.84
2128,1242,32,2028-10-28,Sports,41.75,4,167.0
2129,1492,32,2028-10-29,Sports,56.37,1,56.37
2130,1365,5,2028-10-30,Sports,407.4,1,407.4
2131,1329,36,2028-10-31,Electronics,24.24,2,48.48
2132,1106,46,2028-11-01,Clothing,331.18,2,662.36
2133,1225,42,2028-11-02,Electronics,139.92,1,139.92
2134,1824,49,2028-11-03,Food,436.42,8,3491.36
2135,1217,42,2028-11-04,Clothing,245.07,6,1470.42
2136,1936,39,2028-11-05,Home,156.26,6,937.56
2137,1752,16,2028-11-06,Sports,261.23,9,2351.07
2138,1505,33,2028-11-07,Food,194.07,5,970.35
2139,1258,49,2028-11-08,Clothing,284.33,4,1137.32
2140,1887,21,2028-11-09,Electronics,61.69,6,370.14
2141,1773,9,2028-11-10,Sports,498.51,8,3988.08
2142,1516,6,2028-11-11,Electronics,215.65,1,215.65
2143,1772,45,2028-11-12,Clothing,177.37,7,1241.59
2144,1053,35,2028-11-13,Clothing,356.55,8,2852.4
2145,1046,39,2028-11-14,Food,185.13,9,1666.17
2146,1726,22,2028-11-15,Home,417.47,8,3339.76
2147,1688,41,2028-11-16,Electronics,229.86,7,1609.02
2148,1520,5,2028-11-17,Food,361.18,3,1083.54
2149,1098,42,2028-11-18,Sports,58.19,2,116.38
2150,1019,23,2028-11-19,Home,423.83,3,1271.49
2151,1889,17,2028-11-20,Food,369.18,4,1476.72
2152,1752,12,2028-11-21,Electronics,109.8,4,439.2
2153,1572,23,2028-11-22,Clothing,76.92,6,461.52
2154,1890,16,2028-11-23,Sports,161.56,7,1130.92
2155,1489,3,2028-11-24,Electronics,488.15,4,1952.6
2156,1418,30,2028-11-25,Home,132.13,6,792.78
2157,1689,22,2028-11-26,Home,230.78,9,2077.02
2158,1849,9,2028-11-27,Clothing,19.86,6,119.16
2159,1061,29,2028-11-28,Clothing,201.63,3,604.89
2160,1144,47,2028-11-29,Sports,287.8,1,287.8
2161,1215,37,2028-11-30,Sports,476.8,5,2384.0
2162,1002,23,2028-12-01,Clothing,260.78,3,782.34
2163,1159,13,2028-12-02,Clothing,410.46,8,3283.68
2164,1738,32,2028-12-03,Home,275.83,1,275.83
2165,1997,46,2028-12-04,Clothing,25.19,2,50.38
2166,1780,47,2028-12-05,Food,160.93,3,482.79
2167,1119,48,2028-12-06,Electronics,289.9,3,869.7
2168,1892,23,2028-12-07,Clothing,475.54,8,3804.32
2169,1088,45,2028-12-08,Sports,430.27,5,2151.35
2170,1328,17,2028-12-09,Food,118.04,8,944.32
2171,1579,40,2028-12-10,Sports,113.95,6,683.7
2172,1909,21,2028-12-11,Food,104.58,2,209.16
2173,1356,2,2028-12-12,Clothing,461.64,4,1846.56
2174,1609,37,2028-12-13,Electronics,427.07,9,3843.63
2175,1266,6,2028-12-14,Sports,388.57,4,1554.28
2176,1616,44,2028-12-15,Food,199.4,5,997.0
2177,1951,18,2028-12-16,Home,254.67,5,1273.35
2178,1322,30,2028-12-17,Clothing,234.84,8,1878.72
2179,1634,22,2028-12-18,Electronics,130.43,6,782.58
2180,1987,33,2028-12-19,Clothing,254.99,7,1784.93
2181,1540,30,2028-12-20,Home,20.1,6,120.6
2182,1648,17,2028-12-21,Electronics,70.25,5,351.25
2183,1194,43,2028-12-22,Home,443.86,5,2219.3
2184,1920,32,2028-12-23,Clothing,377.08,3,1131.24
2185,1737,42,2028-12-24,Food,214.32,7,1500.24
2186,1331,14,2028-12-25,Clothing,260.99,5,1304.95
2187,1169,10,2028-12-26,Clothing,188.15,7,1317.05
2188,1520,47,2028-12-27,Clothing,371.69,2,743.38
2189,1462,36,2028-12-28,Sports,393.17,9,3538.53
2190,1039,34,2028-12-29,Home,382.83,8,3062.64
2191,1536,9,2028-12-30,Home,362.69,5,1813.45
2192,1260,42,2028-12-31,Home,106.23,2,212.46
2193,1394,28,2029-01-01,Sports,172.3,6,1033.8
2194,1954,11,2029-01-02,Food,237.57,8,1900.56
2195,1225,14,2029-01-03,Clothing,168.74,7,1181.18
2196,1983,39,2029-01-04,Food,378.7,8,3029.6
2197,1123,47,2029-01-05,Sports,168.03,4,672.12
2198,1974,19,2029-01-06,Home,73.42,3,220.26
2199,1037,15,2029-01-07,Clothing,202.53,7,1417.71
2200,1327,28,2029-01-08,Electronics,490.06,2,980.12
2201,1250,24,2029-01-09,Electronics,116.81,5,584.05
2202,1900,8,2029-01-10,Food,308.02,7,2156.14
2203,1175,43,2029-01-11,Home,219.32,1,219.32
2204,1601,9,2029-01-12,Electronics,40.16,4,160.64
2205,1913,47,2029-01-13,Food,246.5,2,493.0
2206,1453,33,2029-01-14,Sports,352.57,6,2115.42
2207,1036,33,2029-01-15,Food,259.04,1,259.04
2208,1315,19,2029-01-16,Food,436.69,7,3056.83
2209,1687,3,2029-01-17,Food,148.02,3,444.06
2210,1972,10,2029-01-18,Clothing,47.69,1,47.69
2211,1795,40,2029-01-19,Food,468.6,8,3748.8
2212,1964,47,2029-01-20,Food,192.21,7,1345.47
2213,1972,42,2029-01-21,Clothing,290.32,2,580.64
2214,1592,1,2029-01-22,Clothing,397.04,7,2779.28
2215,1113,29,2029-01-23,Sports,165.54,3,496.62
2216,1039,34,2029-01-24,Home,359.5,9,3235.5
2217,1300,13,2029-01-25,Electronics,72.03,8,576.24
2218,1223,1,2029-01-26,Electronics,149.19,5,745.95
2219,1317,34,2029-01-27,Food,76.63,7,536.41
2220,1348,29,2029-01-28,Sports,406.56,3,1219.68
2221,1114,48,2029-01-29,Food,115.21,1,115.21
2222,1697,47,2029-01-30,Electronics,360.11,1,360.11
2223,1322,13,2029-01-31,Clothing,471.93,2,943.86
2224,1567,48,2029-02-01,Home,266.25,8,2130.0
2225,1039,49,2029-02-02,Sports,272.31,1,272.31
2226,1865,29,2029-02-03,Clothing,233.21,5,1166.05
2227,1039,39,2029-02-04,Home,166.32,9,1496.88
2228,1858,24,2029-02-05,Sports,240.45,9,2164.05
2229,1972,26,2029-02-06,Sports,303.39,2,606.78
2230,1748,17,2029-02-07,Electronics,493.07,7,3451.49
2231,1288,7,2029-02-08,Clothing,469.19,1,469.19
2232,1261,13,2029-02-09,Sports,431.77,3,1295.31
2233,1215,5,2029-02-10,Sports,445.12,6,2670.72
2234,1146,26,2029-02-11,Home,236.59,9,2129.31
2235,1335,49,2029-02-12,Electronics,330.43,2,660.86
2236,1167,3,2029-02-13,Food,448.06,7,3136.42
2237,1091,7,2029-02-14,Electronics,199.51,4,798.04
2238,1352,49,2029-02-15,Food,481.07,2,962.14
2239,1570,39,2029-02-16,Clothing,210.81,3,632.43
2240,1570,1,2029-02-17,Clothing,302.54,6,1815.24
2241,1815,49,2029-02-18,Sports,356.35,9,3207.15
2242,1680,17,2029-02-19,Clothing,475.54,8,3804.32
2243,1780,43,2029-02-20,Sports,126.09,9,1134.81
2244,1362,25,2029-02-21,Electronics,374.33,4,1497.32
2245,1556,3,2029-02-22,Clothing,262.8,4,1051.2
2246,1344,15,2029-02-23,Electronics,137.94,9,1241.46
2247,1692,29,2029-02-24,Electronics,389.42,8,3115.36
2248,1169,43,2029-02-25,Clothing,278.35,2,556.7
2249,1355,32,2029-02-26,Electronics,332.18,8,2657.44
2250,1190,26,2029-02-27,Clothing,164.84,1,164.84
2251,1666,16,2029-02-28,Clothing,243.23,9,2189.07
2252,1421,25,2029-03-01,Clothing,310.59,9,2795.31
2253,1699,28,2029-03-02,Food,205.43,8,1643.44
2254,1006,9,2029-03-03,Electronics,103.19,5,515.95
2255,1132,1,2029-03-04,Home,481.01,5,2405.05
2256,1746,29,2029-03-05,Clothing,258.18,3,774.54
2257,1556,22,2029-03-06,Electronics,368.29,5,1841.45
2258,1825,16,2029-03-07,Sports,208.47,4,833.88
2259,1760,41,2029-03-08,Clothing,180.79,1,180.79
2260,1030,44,2029-03-09,Clothing,206.55,9,1858.95
2261,1534,41,2029-03-10,Home,207.55,4,830.2
2262,1425,7,2029-03-11,Food,274.37,3,823.11
2263,1393,14,2029-03-12,Food,274.02,6,1644.12
2264,1671,29,2029-03-13,Clothing,251.09,1,251.09
2265,1362,19,2029-03-14,Electronics,71.72,5,358.6
2266,1436,19,2029-03-15,Sports,250.56,7,1753.92
2267,1669,2,2029-03-16,Sports,88.71,2,177.42
2268,1550,41,2029-03-17,Electronics,67.44,9,606.96
2269,1926,45,2029-03-18,Clothing,466.66,6,2799.96
2270,1081,15,2029-03-19,Sports,304.45,2,608.9
2271,1355,3,2029-03-20,Food,331.45,8,2651.6
2272,1257,11,2029-03-21,Electronics,203.89,8,1631.12
2273,1717,46,2029-03-22,Home,454.95,1,454.95
2274,1588,30,2029-03-23,Clothing,320.78,1,320.78
2275,1988,40,2029-03-24,Electronics,385.74,1,385.74
2276,1523,18,2029-03-25,Sports,187.44,4,749.76
2277,1294,48,2029-03-26,Clothing,480.21,4,1920.84
2278,1961,2,2029-03-27,Food,411.13,8,3289.04
2279,1223,32,2029-03-28,Clothing,427.7,1,427.7
2280,1524,8,2029-03-29,Clothing,90.24,3,270.72
2281,1045,22,2029-03-30,Food,139.13,1,139.13
2282,1666,6,2029-03-31,Food,146.39,9,1317.51
2283,1112,12,2029-04-01,Clothing,139.1,9,1251.9
2284,1232,47,2029-04-02,Food,428.43,7,2999.01
2285,1016,40,2029-04-03,Electronics,20.78,8,166.24
2286,1359,36,2029-04-04,Food,42.67,1,42.67
2287,1222,15,2029-04-05,Food,140.59,5,702.95
2288,1865,28,2029-04-06,Clothing,103.94,2,207.88
2289,1699,49,2029-04-07,Electronics,119.77,1,119.77
2290,1447,45,2029-04-08,Home,399.98,3,1199.94
2291,1855,18,2029-04-09,Home,283.75,7,1986.25
2292,1364,2,2029-04-10,Sports,7.86,1,7.86
2293,1674,13,2029-04-11,Food,217.51,2,435.02
2294,1325,45,2029-04-12,Food,206.9,2,413.8
2295,1466,15,2029-04-13,Electronics,61.4,4,245.6
2296,1413,20,2029-04-14,Home,339.69,3,1019.07
2297,1454,29,2029-04-15,Sports,352.54,3,1057.62
2298,1585,42,2029-04-16,Electronics,361.84,5,1809.2
2299,1232,29,2029-04-17,Food,365.59,3,1096.77
2300,1223,3,2029-04-18,Home,5.03,7,35.21
2301,1993,19,2029-04-19,Sports,477.19,5,2385.95
2302,1830,3,2029-04-20,Clothing,408.03,4,1632.12
2303,1411,14,2029-04-21,Home,452.47,3,1357.41
2304,1571,40,2029-04-22,Sports,12.74,4,50.96
2305,1334,4,2029-04-23,Electronics,467.26,2,934.52
2306,1221,11,2029-04-24,Clothing,405.85,1,405.85
2307,1036,31,2029-04-25,Sports,419.42,3,1258.26
2308,1988,43,2029-04-26,Sports,51.18,2,102.36
2309,1277,32,2029-04-27,Food,370.7,1,370.7
2310,1195,27,2029-04-28,Home,480.16,1,480.16
2311,1915,30,2029-04-29,Food,340.88,2,681.76
2312,1863,43,2029-04-30,Clothing,287.43,9,2586.87
2313,1483,2,2029-05-01,Sports,473.09,5,2365.45
2314,1241,49,2029-05-02,Food,224.25,9,2018.25
2315,1323,9,2029-05-03,Home,301.65,8,2413.2
2316,1730,28,2029-05-04,Clothing,240.79,6,1444.74
2317,1191,31,2029-05-05,Electronics,466.76,1,466.76
2318,1016,34,2029-05-06,Food,42.66,5,213.3
2319,1523,15,2029-05-07,Clothing,253.05,1,253.05
2320,1917,48,2029-05-08,Electronics,345.04,7,2415.28
2321,1400,25,2029-05-09,Food,396.99,8,3175.92
2322,1905,36,2029-05-10,Clothing,293.59,8,2348.72
2323,1885,8,2029-05-11,Clothing,454.91,7,3184.37
2324,1704,9,2029-05-12,Food,471.29,2,942.58
2325,1021,37,2029-05-13,Clothing,36.84,5,184.2
2326,1473,48,2029-05-14,Sports,204.17,4,816.68
2327,1119,45,2029-05-15,Food,16.61,5,83.05
2328,1209,39,2029-05-16,Clothing,168.06,9,1512.54
2329,1305,32,2029-05-17,Electronics,270.75,4,1083.0
2330,1269,17,2029-05-18,Electronics,455.84,8,3646.72
2331,1703,35,2029-05-19,Sports,424.04,8,3392.32
2332,1686,37,2029-05-20,Food,68.11,2,136.22
2333,1284,19,2029-05-21,Clothing,51.05,6,306.3
2334,1715,44,2029-05-22,Clothing,296.69,5,1483.45
2335,1675,29,2029-05-23,Electronics,268.4,2,536.8
2336,1762,7,2029-05-24,Sports,136.86,4,547.44
2337,1226,28,2029-05-25,Electronics,450.23,7,3151.61
2338,1947,9,2029-05-26,Electronics,464.05,1,464.05
2339,1380,28,2029-05-27,Sports,204.29,9,1838.61
2340,1459,6,2029-05-28,Food,445.7,1,445.7
2341,1006,29,2029-05-29,Clothing,195.05,5,975.25
2342,1028,17,2029-05-30,Food,369.72,7,2588.04
2343,1906,16,2029-05-31,Home,240.59,8,1924.72
2344,1032,23,2029-06-01,Home,65.68,2,131.36
2345,1645,31,2029-06-02,Home,464.33,4,1857.32
2346,1878,3,2029-06-03,Sports,229.78,2,459.56
2347,1078,21,2029-06-04,Electronics,368.57,4,1474.28
2348,1927,26,2029-06-05,Food,186.75,6,1120.5
2349,1946,36,2029-06-06,Clothing,14.35,6,86.1
2350,1458,42,2029-06-07,Home,54.76,2,109.52
2351,1569,37,2029-06-08,Food,250.63,4,1002.52
2352,1982,22,2029-06-09,Home,346.53,4,1386.12
2353,1537,42,2029-06-10,Home,170.69,1,170.69
2354,1481,12,2029-06-11,Clothing,349.27,2,698.54
2355,1429,42,2029-06-12,Sports,350.82,3,1052.46
2356,1737,13,2029-06-13,Electronics,353.45,5,1767.25
2357,1284,11,2029-06-14,Sports,248.8,8,1990.4
2358,1515,16,2029-06-15,Food,457.87,6,2747.22
2359,1976,8,2029-06-16,Sports,247.15,3,741.45
2360,1098,40,2029-06-17,Food,227.88,6,1367.28
2361,1396,40,2029-06-18,Food,103.69,7,725.83
2362,1488,45,2029-06-19,Electronics,157.29,6,943.74
2363,1038,2,2029-06-20,Clothing,25.96,6,155.76
2364,1270,30,2029-06-21,Electronics,318.6,1,318.6
2365,1886,30,2029-06-22,Sports,128.03,3,384.09
2366,1796,12,2029-06-23,Food,155.56,7,1088.92
2367,1156,10,2029-06-24,Home,386.55,4,1546.2
2368,1074,44,2029-06-25,Home,166.97,4,667.88
2369,1883,11,2029-06-26,Food,124.89,7,874.23
2370,1799,15,2029-06-27,Electronics,88.68,9,798.12
2371,1129,16,2029-06-28,Clothing,388.55,2,777.1
2372,1686,17,2029-06-29,Electronics,69.2,9,622.8
2373,1973,26,2029-06-30,Food,229.61,3,688.83
2374,1083,2,2029-07-01,Food,255.93,6,1535.58
2375,1021,12,2029-07-02,Clothing,345.26,4,1381.04
2376,1458,26,2029-07-03,Sports,318.48,1,318.48
2377,1538,23,2029-07-04,Sports,406.31,9,3656.79
2378,1706,18,2029-07-05,Clothing,27.15,6,162.9
2379,1848,32,2029-07-06,Sports,151.74,8,1213.92
2380,1381,49,2029-07-07,Home,143.67,2,287.34
2381,1747,38,2029-07-08,Sports,77.28,7,540.96
2382,1439,47,2029-07-09,Sports,148.14,6,888.84
2383,1603,3,2029-07-10,Sports,158.33,2,316.66
2384,1988,38,2029-07-11,Home,263.33,2,526.66
2385,1020,3,2029-07-12,Sports,333.53,4,1334.12
2386,1302,30,2029-07-13,Home,193.64,4,774.56
2387,1975,1,2029-07-14,Clothing,361.14,3,1083.42
2388,1868,30,2029-07-15,Electronics,171.4,8,1371.2
2389,1954,45,2029-07-16,Clothing,148.69,7,1040.83
2390,1083,32,2029-07-17,Electronics,272.89,2,545.78
2391,1773,28,2029-07-18,Clothing,16.74,3,50.22
2392,1658,21,2029-07-19,Electronics,44.5,9,400.5
2393,1952,46,2029-07-20,Electronics,211.89,5,1059.45
2394,1452,13,2029-07-21,Food,471.74,2,943.48
2395,1386,27,2029-07-22,Electronics,362.15,3,1086.45
2396,1506,36,2029-07-23,Electronics,48.62,8,388.96
2397,1256,7,2029-07-24,Food,423.93,4,1695.72
2398,1569,22,2029-07-25,Sports,367.49,2,734.98
2399,1891,10,2029-07-26,Sports,307.42,2,614.84
2400,1933,39,2029-07-27,Food,411.05,6,2466.3
2401,1526,15,2029-07-28,Home,205.03,8,1640.24
2402,1161,15,2029-07-29,Electronics,114.64,7,802.48
2403,1956,4,2029-07-30,Electronics,258.45,4,1033.8
2404,1162,32,2029-07-31,Food,276.68,2,553.36
2405,1831,23,2029-08-01,Food,271.47,9,2443.23
2406,1792,6,2029-08-02,Home,284.71,4,1138.84
2407,1791,24,2029-08-03,Sports,474.61,9,4271.49
2408,1523,20,2029-08-04,Clothing,451.61,5,2258.05
2409,1785,37,2029-08-05,Sports,438.48,7,3069.36
2410,1270,20,2029-08-06,Electronics,401.7,5,2008.5
2411,1491,12,2029-08-07,Food,472.0,2,944.0
2412,1207,33,2029-08-08,Home,53.75,6,322.5
2413,1538,28,2029-08-09,Sports,136.24,7,953.68
2414,1583,8,2029-08-10,Home,250.05,6,1500.3
2415,1059,1,2029-08-11,Sports,424.03,3,1272.09
2416,1429,37,2029-08-12,Electronics,255.06,8,2040.48
2417,1984,22,2029-08-13,Clothing,375.28,3,1125.84
2418,1656,6,2029-08-14,Home,73.79,5,368.95
2419,1604,21,2029-08-15,Home,129.94,9,1169.46
2420,1308,32,2029-08-16,Clothing,367.23,5,1836.15
2421,1519,35,2029-08-17,Home,86.54,7,605.78
2422,1590,15,2029-08-18,Home,178.92,7,1252.44
2423,1026,5,2029-08-19,Sports,136.11,5,680.55
2424,1685,46,2029-08-20,Sports,178.18,2,356.36
2425,1561,48,2029-08-21,Clothing,355.62,5,1778.1
2426,1198,6,2029-08-22,Electronics,187.08,7,1309.56
2427,1386,25,2029-08-23,Home,279.86,7,1959.02
2428,1348,46,2029-08-24,Electronics,54.47,4,217.88
2429,1959,40,2029-08-25,Clothing,403.48,1,403.48
2430,1939,29,2029-08-26,Clothing,188.09,6,1128.54
2431,1692,7,2029-08-27,Sports,326.02,3,978.06
2432,1535,40,2029-08-28,Home,364.07,5,1820.35
2433,1827,13,2029-08-29,Food,108.78,4,435.12
2434,1377,38,2029-08-30,Clothing,442.91,2,885.82
2435,1898,18,2029-08-31,Home,310.03,7,2170.21
2436,1915,2,2029-09-01,Electronics,217.22,5,1086.1
2437,1557,8,2029-09-02,Sports,95.26,7,666.82
2438,1526,11,2029-09-03,Electronics,471.44,9,4242.96
2439,1152,33,2029-09-04,Clothing,378.76,4,1515.04
2440,1733,38,2029-09-05,Clothing,107.97,5,539.85
2441,1205,48,2029-09-06,Electronics,172.17,9,1549.53
2442,1454,27,2029-09-07,Clothing,405.79,4,1623.16
2443,1272,20,2029-09-08,Home,349.36,5,1746.8
2444,1893,12,2029-09-09,Clothing,384.06,5,1920.3
2445,1235,43,2029-09-10,Sports,223.39,8,1787.12
2446,1851,31,2029-09-11,Home,359.66,4,1438.64
2447,1739,27,2029-09-12,Food,196.31,4,785.24
2448,1520,32,2029-09-13,Clothing,109.58,7,767.06
2449,1677,10,2029-09-14,Clothing,318.18,5,1590.9
2450,1943,3,2029-09-15,Sports,488.13,6,2928.78
2451,1955,45,2029-09-16,Sports,158.75,6,952.5
2452,1830,27,2029-09-17,Electronics,233.18,6,1399.08
2453,1725,35,2029-09-18,Electronics,338.63,5,1693.15
2454,1500,31,2029-09-19,Electronics,273.05,5,1365.25
2455,1116,15,2029-09-20,Sports,422.5,9,3802.5
2456,1385,16,2029-09-21,Electronics,382.06,8,3056.48
2457,1343,13,2029-09-22,Electronics,33.86,4,135.44
2458,1583,49,2029-09-23,Food,499.22,7,3494.54
2459,1394,35,2029-09-24,Electronics,377.44,8,3019.52
2460,1063,11,2029-09-25,Clothing,432.63,9,3893.67
2461,1716,21,2029-09-26,Sports,327.34,5,1636.7
2462,1720,11,2029-09-27,Home,428.86,3,1286.58
2463,1071,30,2029-09-28,Food,60.63,4,242.52
2464,1788,48,2029-09-29,Sports,177.13,6,1062.78
2465,1273,35,2029-09-30,Sports,438.83,5,2194.15
2466,1989,22,2029-10-01,Clothing,104.82,9,943.38
2467,1319,38,2029-10-02,Electronics,43.73,3,131.19
2468,1337,31,2029-10-03,Clothing,395.12,2,790.24
2469,1365,14,2029-10-04,Electronics,418.57,6,2511.42
2470,1494,24,2029-10-05,Electronics,85.51,7,598.57
2471,1606,49,2029-10-06,Sports,427.9,5,2139.5
2472,1165,32,2029-10-07,Electronics,344.95,1,344.95
2473,1543,36,2029-10-08,Food,262.44,3,787.32
2474,1010,32,2029-10-09,Food,415.97,3,1247.91
2475,1300,15,2029-10-10,Food,212.53,4,850.12
2476,1728,43,2029-10-11,Sports,101.03,6,606.18
2477,1800,35,2029-10-12,Clothing,146.0,5,730.0
2478,1101,3,2029-10-13,Home,255.06,1,255.06
2479,1424,16,2029-10-14,Electronics,268.01,6,1608.06
2480,1391,5,2029-10-15,Home,403.76,9,3633.84
2481,1778,21,2029-10-16,Clothing,396.72,1,396.72
2482,1213,10,2029-10-17,Clothing,292.78,8,2342.24
2483,1690,19,2029-10-18,Sports,391.49,8,3131.92
2484,1087,25,2029-10-19,Food,99.93,3,299.79
2485,1552,4,2029-10-20,Food,29.78,9,268.02
2486,1400,29,2029-10-21,Clothing,437.45,8,3499.6
2487,1587,19,2029-10-22,Sports,42.4,3,127.2
2488,1888,43,2029-10-23,Sports,127.11,5,635.55
2489,1045,2,2029-10-24,Electronics,349.18,3,1047.54
2490,1671,10,2029-10-25,Food,207.68,5,1038.4
2491,1462,43,2029-10-26,Clothing,438.78,9,3949.02
2492,1591,25,2029-10-27,Home,152.5,4,610.0
2493,1309,20,2029-10-28,Food,10.88,6,65.28
2494,1085,48,2029-10-29,Electronics,153.82,3,461.46
2495,1091,19,2029-10-30,Sports,291.15,3,873.45
2496,1659,23,2029-10-31,Clothing,191.09,5,955.45
2497,1672,24,2029-11-01,Food,269.76,8,2158.08
2498,1713,11,2029-11-02,Home,438.92,8,3511.36
2499,1935,46,2029-11-03,Electronics,456.68,3,1370.04
2500,1927,34,2029-11-04,Electronics,136.66,8,1093.28
2501,1241,28,2029-11-05,Food,233.76,8,1870.08
2502,1864,5,2029-11-06,Home,276.83,3,830.49
2503,1001,5,2029-11-07,Electronics,474.81,2,949.62
2504,1224,21,2029-11-08,Clothing,499.32,2,998.64
2505,1800,12,2029-11-09,Electronics,121.53,9,1093.77
2506,1744,4,2029-11-10,Home,364.86,7,2554.02
2507,1972,49,2029-11-11,Sports,192.13,6,1152.78
2508,1925,42,2029-11-12,Sports,9.01,7,63.07
2509,1928,20,2029-11-13,Food,9.58,8,76.64
2510,1588,38,2029-11-14,Home,232.98,1,232.98
2511,1115,25,2029-11-15,Electronics,246.73,8,1973.84
2512,1665,14,2029-11-16,Electronics,16.17,3,48.51
2513,1917,11,2029-11-17,Sports,345.03,3,1035.09
2514,1102,32,2029-11-18,Sports,150.53,6,903.18
2515,1193,11,2029-11-19,Clothing,282.15,4,1128.6
2516,1165,18,2029-11-20,Sports,153.95,4,615.8
2517,1870,27,2029-11-21,Clothing,87.73,4,350.92
2518,1089,18,2029-11-22,Electronics,206.55,9,1858.95
2519,1685,23,2029-11-23,Clothing,119.98,8,959.84
2520,1121,11,2029-11-24,Clothing,269.73,3,809.19
2521,1142,21,2029-11-25,Food,103.42,1,103.42
2522,1993,44,2029-11-26,Sports,256.66,1,256.66
2523,1105,5,2029-11-27,Clothing,82.9,1,82.9
2524,1886,23,2029-11-28,Electronics,337.13,4,1348.52
2525,1427,41,2029-11-29,Home,378.2,6,2269.2
2526,1304,25,2029-11-30,Clothing,59.65,4,238.6
2527,1871,41,2029-12-01,Sports,236.56,3,709.68
2528,1970,10,2029-12-02,Food,40.08,8,320.64
2529,1316,22,2029-12-03,Electronics,301.1,8,2408.8
2530,1962,19,2029-12-04,Food,135.88,6,815.28
2531,1634,1,2029-12-05,Home,266.17,9,2395.53
2532,1901,7,2029-12-06,Clothing,261.14,1,261.14
2533,1008,4,2029-12-07,Clothing,462.56,8,3700.48
2534,1773,1,2029-12-08,Sports,276.8,6,1660.8
2535,1072,15,2029-12-09,Clothing,293.58,1,293.58
2536,1358,40,2029-12-10,Electronics,203.82,4,815.28
2537,1222,12,2029-12-11,Home,474.79,5,2373.95
2538,1415,22,2029-12-12,Food,389.71,7,2727.97
2539,1552,22,2029-12-13,Home,146.28,8,1170.24
2540,1369,47,2029-12-14,Clothing,422.88,9,3805.92
2541,1715,17,2029-12-15,Food,219.04,6,1314.24
2542,1263,29,2029-12-16,Sports,415.19,9,3736.71
2543,1839,46,2029-12-17,Home,412.33,4,1649.32
2544,1689,14,2029-12-18,Food,98.49,8,787.92
2545,1859,20,2029-12-19,Food,352.06,3,1056.18
2546,1317,48,2029-12-20,Food,148.87,4,595.48
2547,1083,33,2029-12-21,Electronics,152.26,4,609.04
2548,1317,43,2029-12-22,Home,151.69,6,910.14
2549,1110,15,2029-12-23,Food,364.16,9,3277.44
2550,1250,12,2029-12-24,Home,118.76,6,712.56
2551,1382,40,2029-12-25,Food,5.45,1,5.45
2552,1006,20,2029-12-26,Sports,359.04,5,1795.2
2553,1458,30,2029-12-27,Sports,89.74,9,807.66
2554,1083,38,2029-12-28,Sports,56.72,5,283.6
2555,1207,3,2029-12-29,Clothing,122.57,6,735.42
2556,1899,28,2029-12-30,Food,193.05,3,579.15
2557,1389,26,2029-12-31,Clothing,240.57,8,1924.56
2558,1313,30,2030-01-01,Home,27.06,4,108.24
2559,1021,13,2030-01-02,Clothing,485.43,4,1941.72
2560,1409,13,2030-01-03,Home,359.45,5,1797.25
2561,1894,2,2030-01-04,Home,164.98,9,1484.82
2562,1514,37,2030-01-05,Home,162.76,8,1302.08
2563,1126,49,2030-01-06,Clothing,227.03,7,1589.21
2564,1808,38,2030-01-07,Food,314.99,5,1574.95
2565,1699,2,2030-01-08,Clothing,77.45,9,697.05
2566,1873,36,2030-01-09,Food,98.52,9,886.68
2567,1013,26,2030-01-10,Food,430.42,2,860.84
2568,1970,11,2030-01-11,Home,131.85,4,527.4
2569,1977,8,2030-01-12,Clothing,193.2,8,1545.6
2570,1011,44,2030-01-13,Food,436.28,1,436.28
2571,1086,40,2030-01-14,Sports,333.26,5,1666.3
2572,1523,43,2030-01-15,Food,174.15,8,1393.2
2573,1908,22,2030-01-16,Sports,343.43,2,686.86
2574,1536,20,2030-01-17,Clothing,14.74,2,29.48
2575,1300,8,2030-01-18,Clothing,369.14,8,2953.12
2576,1242,29,2030-01-19,Clothing,246.07,9,2214.63
2577,1121,40,2030-01-20,Food,407.53,7,2852.71
2578,1146,26,2030-01-21,Electronics,477.55,8,3820.4
2579,1566,30,2030-01-22,Food,463.27,5,2316.35
2580,1749,17,2030-01-23,Food,455.09,1,455.09
2581,1355,20,2030-01-24,Home,258.52,4,1034.08
2582,1684,16,2030-01-25,Home,183.27,2,366.54
2583,1903,46,2030-01-26,Food,235.19,3,705.57
2584,1732,43,2030-01-27,Sports,346.5,3,1039.5
2585,1630,7,2030-01-28,Home,442.58,9,3983.22
2586,1308,16,2030-01-29,Food,107.46,4,429.84
2587,1694,45,2030-01-30,Electronics,459.51,2,919.02
2588,1287,47,2030-01-31,Sports,408.51,3,1225.53
2589,1306,48,2030-02-01,Clothing,489.53,3,1468.59
2590,1811,27,2030-02-02,Food,440.72,7,3085.04
2591,1593,23,2030-02-03,Food,143.57,8,1148.56
2592,1965,24,2030-02-04,Sports,57.45,6,344.7
2593,1913,9,2030-02-05,Home,60.56,4,242.24
2594,1722,35,2030-02-06,Home,149.16,6,894.96
2595,1661,20,2030-02-07,Home,309.02,1,309.02
2596,1548,37,2030-02-08,Clothing,403.14,8,3225.12
2597,1351,42,2030-02-09,Sports,450.13,1,450.13
2598,1311,17,2030-02-10,Sports,313.76,5,1568.8
2599,1872,47,2030-02-11,Home,7.79,2,15.58
2600,1058,31,2030-02-12,Home,97.23,6,583.38
2601,1642,8,2030-02-13,Electronics,54.36,9,489.24
2602,1923,15,2030-02-14,Electronics,184.85,5,924.25
2603,1713,31,2030-02-15,Food,253.17,4,1012.68
2604,1754,30,2030-02-16,Food,26.48,2,52.96
2605,1034,46,2030-02-17,Sports,177.5,3,532.5
2606,1444,20,2030-02-18,Sports,93.69,6,562.14
2607,1092,39,2030-02-19,Clothing,325.3,8,2602.4
2608,1949,12,2030-02-20,Clothing,234.81,8,1878.48
2609,1958,49,2030-02-21,Electronics,250.18,5,1250.9
2610,1206,17,2030-02-22,Food,216.71,5,1083.55
2611,1352,42,2030-02-23,Electronics,478.23,3,1434.69
2612,1902,30,2030-02-24,Electronics,111.29,7,779.03
2613,1331,29,2030-02-25,Food,260.75,6,1564.5
2614,1816,19,2030-02-26,Clothing,369.33,1,369.33
2615,1861,46,2030-02-27,Food,280.64,4,1122.56
2616,1724,11,2030-02-28,Home,464.87,6,2789.22
2617,1158,34,2030-03-01,Home,192.09,6,1152.54
2618,1953,7,2030-03-02,Home,234.52,3,703.56
2619,1956,44,2030-03-03,Sports,48.82,6,292.92
2620,1023,34,2030-03-04,Clothing,306.45,6,1838.7
2621,1403,20,2030-03-05,Clothing,147.66,9,1328.94
2622,1804,38,2030-03-06,Sports,84.35,9,759.15
2623,1515,24,2030-03-07,Electronics,274.54,2,549.08
2624,1731,10,2030-03-08,Home,268.49,4,1073.96
2625,1363,32,2030-03-09,Home,42.56,9,383.04
2626,1381,15,2030-03-10,Electronics,350.62,4,1402.48
2627,1531,37,2030-03-11,Food,313.77,8,2510.16
2628,1955,20,2030-03-12,Food,98.56,3,295.68
2629,1151,3,2030-03-13,Clothing,237.37,3,712.11
2630,1561,37,2030-03-14,Sports,361.56,9,3254.04
2631,1688,40,2030-03-15,Clothing,267.07,8,2136.56
2632,1946,8,2030-03-16,Food,200.77,1,200.77
2633,1607,40,2030-03-17,Electronics,164.56,2,329.12
2634,1616,44,2030-03-18,Clothing,307.14,3,921.42
2635,1419,23,2030-03-19,Home,469.86,2,939.72
2636,1249,40,2030-03-20,Home,337.51,3,1012.53
2637,1116,11,2030-03-21,Electronics,42.0,8,336.0
2638,1865,46,2030-03-22,Food,233.04,6,1398.24
2639,1511,8,2030-03-23,Home,445.96,7,3121.72
2640,1739,29,2030-03-24,Home,51.76,6,310.56
2641,1577,30,2030-03-25,Sports,494.49,1,494.49
2642,1334,10,2030-03-26,Clothing,474.79,3,1424.37
2643,1417,39,2030-03-27,Food,43.75,1,43.75
2644,1931,28,2030-03-28,Clothing,467.04,9,4203.36
2645,1773,49,2030-03-29,Food,184.75,9,1662.75
2646,1294,36,2030-03-30,Home,423.13,5,2115.65
2647,1937,13,2030-03-31,Sports,212.1,4,848.4
2648,1754,32,2030-04-01,Clothing,223.22,9,2008.98
2649,1370,36,2030-04-02,Home,318.95,9,2870.55
2650,1185,37,2030-04-03,Food,388.37,3,1165.11
2651,1245,26,2030-04-04,Clothing,21.73,5,108.65
2652,1636,22,2030-04-05,Clothing,298.61,3,895.83
2653,1267,4,2030-04-06,Home,97.43,2,194.86
2654,1642,31,2030-04-07,Clothing,176.25,1,176.25
2655,1236,18,2030-04-08,Sports,177.24,2,354.48
2656,1529,38,2030-04-09,Sports,237.18,8,1897.44
2657,1551,24,2030-04-10,Home,170.4,8,1363.2
2658,1020,23,2030-04-11,Food,58.14,3,174.42
2659,1910,22,2030-04-12,Home,77.09,7,539.63
2660,1736,2,2030-04-13,Sports,21.55,7,150.85
2661,1866,31,2030-04-14,Electronics,237.77,2,475.54
2662,1793,11,2030-04-15,Electronics,477.45,9,4297.05
2663,1519,28,2030-04-16,Clothing,62.26,3,186.78
2664,1099,46,2030-04-17,Clothing,473.4,2,946.8
2665,1751,32,2030-04-18,Electronics,368.01,3,1104.03
2666,1477,5,2030-04-19,Sports,320.56,2,641.12
2667,1598,38,2030-04-20,Clothing,324.41,8,2595.28
2668,1297,10,2030-04-21,Home,414.23,5,2071.15
2669,1939,40,2030-04-22,Home,57.93,3,173.79
2670,1525,46,2030-04-23,Sports,254.85,5,1274.25
2671,1333,24,2030-04-24,Clothing,350.06,8,2800.48
2672,1001,35,2030-04-25,Home,295.48,7,2068.36
2673,1374,44,2030-04-26,Clothing,417.23,6,2503.38
2674,1292,48,2030-04-27,Clothing,40.77,1,40.77
2675,1836,23,2030-04-28,Home,346.9,1,346.9
2676,1933,17,2030-04-29,Electronics,269.34,1,269.34
2677,1552,1,2030-04-30,Home,192.68,8,1541.44
2678,1317,31,2030-05-01,Sports,173.44,8,1387.52
2679,1501,31,2030-05-02,Food,312.31,7,2186.17
2680,1827,42,2030-05-03,Home,446.04,6,2676.24
2681,1380,42,2030-05-04,Clothing,250.61,4,1002.44
2682,1622,34,2030-05-05,Clothing,413.24,1,413.24
2683,1013,9,2030-05-06,Home,204.07,9,1836.63
2684,1503,22,2030-05-07,Food,55.69,1,55.69
2685,1230,13,2030-05-08,Home,35.45,4,141.8
2686,1984,25,2030-05-09,Food,30.41,3,91.23
2687,1083,48,2030-05-10,Food,193.17,7,1352.19
2688,1129,18,2030-05-11,Sports,171.93,5,859.65
2689,1742,12,2030-05-12,Clothing,360.38,5,1801.9
2690,1837,40,2030-05-13,Clothing,372.7,4,1490.8
2691,1144,17,2030-05-14,Food,30.17,1,30.17
2692,1890,15,2030-05-15,Clothing,114.46,5,572.3
2693,1856,42,2030-05-16,Electronics,140.76,4,563.04
2694,1027,15,2030-05-17,Food,276.07,8,2208.56
2695,1065,15,2030-05-18,Clothing,76.54,2,153.08
2696,1162,39,2030-05-19,Electronics,71.3,8,570.4
2697,1228,13,2030-05-20,Sports,472.18,1,472.18
2698,1260,17,2030-05-21,Clothing,403.08,4,1612.32
2699,1448,32,2030-05-22,Electronics,94.42,3,283.26
2700,1423,9,2030-05-23,Home,206.25,5,1031.25
2701,1459,40,2030-05-24,Home,181.03,5,905.15
2702,1951,20,2030-05-25,Electronics,396.55,5,1982.75
2703,1675,26,2030-05-26,Food,257.56,4,1030.24
2704,1300,27,2030-05-27,Food,68.29,8,546.32
2705,1918,21,2030-05-28,Clothing,370.8,3,1112.4
2706,1302,18,2030-05-29,Home,201.46,4,805.84
2707,1286,13,2030-05-30,Food,135.15,1,135.15
2708,1394,16,2030-05-31,Food,190.87,7,1336.09
2709,1009,9,2030-06-01,Home,251.39,1,251.39
2710,1706,12,2030-06-02,Sports,174.84,2,349.68
2711,1629,44,2030-06-03,Food,124.74,7,873.18
2712,1269,38,2030-06-04,Electronics,202.26,1,202.26
2713,1591,19,2030-06-05,Clothing,14.49,3,43.47
2714,1969,7,2030-06-06,Food,387.39,6,2324.34
2715,1604,35,2030-06-07,Food,89.62,6,537.72
2716,1777,48,2030-06-08,Sports,26.73,6,160.38
2717,1843,18,2030-06-09,Electronics,328.58,2,657.16
2718,1861,16,2030-06-10,Clothing,388.1,2,776.2
2719,1360,39,2030-06-11,Food,407.85,6,2447.1
2720,1256,4,2030-06-12,Clothing,249.29,5,1246.45
2721,1132,25,2030-06-13,Home,106.66,7,746.62
2722,1275,32,2030-06-14,Food,369.93,7,2589.51
2723,1775,40,2030-06-15,Food,351.36,5,1756.8
2724,1682,13,2030-06-16,Home,126.9,8,1015.2
2725,1971,45,2030-06-17,Sports,452.19,6,2713.14
2726,1512,17,2030-06-18,Food,56.66,5,283.3
2727,1312,49,2030-06-19,Clothing,491.43,4,1965.72
2728,1575,37,2030-06-20,Electronics,430.82,7,3015.74
2729,1885,6,2030-06-21,Clothing,345.51,4,1382.04
2730,1979,19,2030-06-22,Sports,469.68,5,2348.4
2731,1283,13,2030-06-23,Electronics,362.54,5,1812.7
2732,1120,26,2030-06-24,Clothing,99.28,1,99.28
2733,1106,14,2030-06-25,Clothing,223.87,1,223.87
2734,1932,31,2030-06-26,Home,40.39,3,121.17
2735,1686,4,2030-06-27,Sports,197.88,3,593.64
2736,1996,39,2030-06-28,Home,372.09,2,744.18
2737,1203,8,2030-06-29,Electronics,196.29,2,392.58
2738,1164,25,2030-06-30,Home,168.5,6,1011.0
2739,1304,13,2030-07-01,Sports,299.7,1,299.7
2740,1496,32,2030-07-02,Food,436.74,6,2620.44
2741,1631,38,2030-07-03,Food,28.55,5,142.75
2742,1555,38,2030-07-04,Electronics,195.81,6,1174.86
2743,1823,28,2030-07-05,Food,83.33,5,416.65
2744,1155,30,2030-07-06,Home,349.2,7,2444.4
2745,1366,3,2030-07-07,Electronics,57.33,1,57.33
2746,1718,28,2030-07-08,Sports,334.08,3,1002.24
2747,1901,3,2030-07-09,Electronics,146.66,6,879.96
2748,1619,45,2030-07-10,Electronics,103.46,1,103.46
2749,1250,34,2030-07-11,Clothing,468.49,7,3279.43
2750,1956,16,2030-07-12,Clothing,14.17,4,56.68
2751,1915,22,2030-07-13,Electronics,221.7,3,665.1
2752,1881,32,2030-07-14,Food,15.71,9,141.39
2753,1333,38,2030-07-15,Clothing,244.38,1,244.38
2754,1641,8,2030-07-16,Sports,253.02,8,2024.16
2755,1968,8,2030-07-17,Home,164.22,1,164.22
2756,1510,6,2030-07-18,Clothing,70.42,5,352.1
2757,1292,14,2030-07-19,Electronics,191.31,8,1530.48
2758,1019,32,2030-07-20,Food,337.77,6,2026.62
2759,1281,35,2030-07-21,Home,392.29,7,2746.03
2760,1796,10,2030-07-22,Clothing,267.72,8,2141.76
2761,1000,3,2030-07-23,Food,296.97,6,1781.82
2762,1118,12,2030-07-24,Food,104.31,6,625.86
2763,1034,49,2030-07-25,Food,147.23,6,883.38
2764,1197,31,2030-07-26,Electronics,85.14,5,425.7
2765,1484,29,2030-07-27,Sports,128.4,8,1027.2
2766,1756,5,2030-07-28,Food,116.32,2,232.64
2767,1058,25,2030-07-29,Home,262.13,7,1834.91
2768,1836,41,2030-07-30,Clothing,283.53,4,1134.12
2769,1160,31,2030-07-31,Home,472.75,1,472.75
2770,1690,21,2030-08-01,Electronics,101.81,5,509.05
2771,1205,20,2030-08-02,Electronics,322.63,3,967.89
2772,1011,39,2030-08-03,Home,409.54,4,1638.16
2773,1489,22,2030-08-04,Sports,282.32,7,1976.24
2774,1275,4,2030-08-05,Electronics,131.23,5,656.15
2775,1692,13,2030-08-06,Electronics,134.96,4,539.84
2776,1241,45,2030-08-07,Home,24.43,1,24.43
2777,1215,42,2030-08-08,Electronics,156.19,6,937.14
2778,1250,49,2030-08-09,Sports,373.58,6,2241.48
2779,1810,20,2030-08-10,Sports,28.52,7,199.64
2780,1125,13,2030-08-11,Sports,113.55,1,113.55
2781,1993,17,2030-08-12,Clothing,354.59,4,1418.36
2782,1216,36,2030-08-13,Sports,392.41,9,3531.69
2783,1305,33,2030-08-14,Sports,230.38,6,1382.28
2784,1796,1,2030-08-15,Clothing,350.55,2,701.1
2785,1184,15,2030-08-16,Food,197.04,4,788.16
2786,1038,13,2030-08-17,Electronics,84.16,6,504.96
2787,1222,17,2030-08-18,Sports,202.08,4,808.32
2788,1183,24,2030-08-19,Electronics,292.08,7,2044.56
2789,1494,8,2030-08-20,Home,474.29,3,1422.87
2790,1426,27,2030-08-21,Electronics,39.03,6,234.18
2791,1177,45,2030-08-22,Clothing,256.16,4,1024.64
2792,1918,23,2030-08-23,Electronics,167.82,3,503.46
2793,1427,46,2030-08-24,Electronics,256.61,3,769.83
2794,1293,8,2030-08-25,Electronics,16.87,2,33.74
2795,1851,8,2030-08-26,Food,159.95,3,479.85
2796,1150,26,2030-08-27,Food,410.83,1,410.83
2797,1383,47,2030-08-28,Home,279.2,3,837.6
2798,1637,13,2030-08-29,Clothing,228.04,9,2052.36
2799,1812,39,2030-08-30,Electronics,146.33,4,585.32
2800,1307,37,2030-08-31,Electronics,152.53,3,457.59
2801,1335,49,2030-09-01,Electronics,194.64,8,1557.12
2802,1945,28,2030-09-02,Electronics,418.61,1,418.61
2803,1745,25,2030-09-03,Food,483.77,5,2418.85
2804,1891,16,2030-09-04,Home,222.13,1,222.13
2805,1374,2,2030-09-05,Sports,199.71,7,1397.97
2806,1007,18,2030-09-06,Clothing,424.04,5,2120.2
2807,1340,17,2030-09-07,Electronics,216.32,2,432.64
2808,1128,30,2030-09-08,Home,278.25,1,278.25
2809,1775,39,2030-09-09,Sports,119.32,7,835.24
2810,1668,13,2030-09-10,Home,373.03,1,373.03
2811,1351,32,2030-09-11,Food,268.33,3,804.99
2812,1357,29,2030-09-12,Sports,405.47,6,2432.82
2813,1516,46,2030-09-13,Home,391.46,6,2348.76
2814,1494,30,2030-09-14,Food,111.43,7,780.01
2815,1085,18,2030-09-15,Home,359.24,1,359.24
2816,1174,13,2030-09-16,Home,401.03,7,2807.21
2817,1801,43,2030-09-17,Sports,176.32,2,352.64
2818,1192,21,2030-09-18,Food,90.44,6,542.64
2819,1310,30,2030-09-19,Electronics,6.3,8,50.4
2820,1118,21,2030-09-20,Clothing,228.2,5,1141.0
2821,1217,48,2030-09-21,Sports,179.45,3,538.35
2822,1426,17,2030-09-22,Food,279.68,8,2237.44
2823,1969,40,2030-09-23,Home,98.08,8,784.64
2824,1413,19,2030-09-24,Food,430.53,4,1722.12
2825,1113,15,2030-09-25,Clothing,132.59,8,1060.72
2826,1977,9,2030-09-26,Clothing,117.08,5,585.4
2827,1144,10,2030-09-27,Electronics,242.95,5,1214.75
2828,1537,44,2030-09-28,Electronics,251.93,3,755.79
2829,1647,31,2030-09-29,Clothing,111.47,7,780.29
2830,1302,23,2030-09-30,Sports,139.57,9,1256.13
2831,1743,30,2030-10-01,Sports,89.0,9,801.0
2832,1880,33,2030-10-02,Home,360.64,1,360.64
2833,1587,9,2030-10-03,Electronics,386.19,1,386.19
2834,1986,47,2030-10-04,Home,233.85,5,1169.25
2835,1839,1,2030-10-05,Electronics,358.47,1,358.47
2836,1344,44,2030-10-06,Clothing,369.29,4,1477.16
2837,1813,35,2030-10-07,Sports,73.45,1,73.45
2838,1963,11,2030-10-08,Sports,483.26,2,966.52
2839,1800,34,2030-10-09,Clothing,411.41,2,822.82
2840,1000,16,2030-10-10,Home,106.22,4,424.88
2841,1146,9,2030-10-11,Home,97.15,8,777.2
2842,1286,32,2030-10-12,Food,67.2,2,134.4
2843,1975,15,2030-10-13,Electronics,73.5,9,661.5
2844,1653,12,2030-10-14,Home,375.34,9,3378.06
2845,1052,33,2030-10-15,Clothing,237.48,2,474.96
2846,1303,45,2030-10-16,Home,392.55,1,392.55
2847,1068,14,2030-10-17,Sports,374.4,9,3369.6
2848,1360,8,2030-10-18,Electronics,304.28,2,608.56
2849,1601,8,2030-10-19,Food,344.75,8,2758.0
2850,1957,27,2030-10-20,Electronics,14.09,3,42.27
2851,1219,12,2030-10-21,Sports,159.33,1,159.33
2852,1961,1,2030-10-22,Sports,320.72,1,320.72
2853,1703,43,2030-10-23,Sports,9.63,2,19.26
2854,1965,40,2030-10-24,Sports,21.32,7,149.24
2855,1574,42,2030-10-25,Clothing,426.68,6,2560.08
2856,1584,11,2030-10-26,Food,343.59,2,687.18
2857,1160,39,2030-10-27,Sports,136.36,4,545.44
2858,1680,43,2030-10-28,Sports,345.54,2,691.08
2859,1088,31,2030-10-29,Home,397.27,1,397.27
2860,1687,17,2030-10-30,Food,156.86,3,470.58
2861,1780,33,2030-10-31,Electronics,22.84,4,91.36
2862,1584,32,2030-11-01,Food,466.73,5,2333.65
2863,1756,29,2030-11-02,Food,175.86,5,879.3
2864,1588,21,2030-11-03,Food,57.71,7,403.97
2865,1158,21,2030-11-04,Sports,248.47,8,1987.76
2866,1488,40,2030-11-05,Sports,385.39,9,3468.51
2867,1970,23,2030-11-06,Clothing,114.72,7,803.04
2868,1323,6,2030-11-07,Electronics,138.4,5,692.0
2869,1609,22,2030-11-08,Home,125.14,9,1126.26
2870,1380,38,2030-11-09,Food,495.88,8,3967.04
2871,1101,37,2030-11-10,Electronics,102.71,9,924.39
2872,1493,45,2030-11-11,Electronics,289.88,8,2319.04
2873,1643,8,2030-11-12,Clothing,463.01,6,2778.06
2874,1613,41,2030-11-13,Home,77.71,4,310.84
2875,1018,49,2030-11-14,Food,485.57,9,4370.13
2876,1453,35,2030-11-15,Home,474.0,9,4266.0
2877,1481,11,2030-11-16,Clothing,442.86,9,3985.74
2878,1593,24,2030-11-17,Sports,111.21,3,333.63
2879,1396,49,2030-11-18,Electronics,318.86,3,956.58
2880,1278,21,2030-11-19,Food,381.64,6,2289.84
2881,1850,2,2030-11-20,Sports,493.08,6,2958.48
2882,1364,40,2030-11-21,Clothing,94.31,6,565.86
2883,1330,19,2030-11-22,Home,384.18,5,1920.9
2884,1640,39,2030-11-23,Electronics,172.71,5,863.55
2885,1343,28,2030-11-24,Food,91.94,2,183.88
2886,1821,17,2030-11-25,Sports,213.58,7,1495.06
2887,1454,6,2030-11-26,Sports,397.95,4,1591.8
2888,1600,19,2030-11-27,Electronics,235.1,3,705.3
2889,1724,38,2030-11-28,Home,271.07,8,2168.56
2890,1654,28,2030-11-29,Clothing,497.6,4,1990.4
2891,1064,2,2030-11-30,Home,202.56,4,810.24
2892,1075,38,2030-12-01,Home,309.62,8,2476.96
2893,1710,37,2030-12-02,Home,185.8,1,185.8
2894,1142,4,2030-12-03,Electronics,199.43,9,1794.87
2895,1916,22,2030-12-04,Electronics,349.34,7,2445.38
2896,1914,26,2030-12-05,Clothing,469.25,2,938.5
2897,1827,49,2030-12-06,Home,273.47,6,1640.82
2898,1604,43,2030-12-07,Electronics,385.36,8,3082.88
2899,1472,36,2030-12-08,Clothing,49.16,5,245.8
2900,1416,13,2030-12-09,Clothing,109.52,6,657.12
2901,1304,32,2030-12-10,Home,253.56,8,2028.48
2902,1735,17,2030-12-11,Food,14.91,6,89.46
2903,1496,41,2030-12-12,Home,130.16,9,1171.44
2904,1290,36,2030-12-13,Food,261.11,9,2349.99
2905,1939,46,2030-12-14,Clothing,12.41,9,111.69
2906,1101,19,2030-12-15,Electronics,135.95,6,815.7
2907,1985,35,2030-12-16,Sports,259.45,9,2335.05
2908,1266,46,2030-12-17,Clothing,288.71,3,866.13
2909,1866,40,2030-12-18,Electronics,463.25,5,2316.25
2910,1967,28,2030-12-19,Clothing,324.45,2,648.9
2911,1621,1,2030-12-20,Home,210.29,8,1682.32
2912,1973,42,2030-12-21,Food,465.52,4,1862.08
2913,1841,18,2030-12-22,Clothing,393.52,6,2361.12
2914,1961,48,2030-12-23,Electronics,104.0,6,624.0
2915,1941,40,2030-12-24,Home,69.77,5,348.85
2916,1776,33,2030-12-25,Sports,339.53,1,339.53
2917,1002,12,2030-12-26,Home,282.14,7,1974.98
2918,1084,8,2030-12-27,Food,395.89,8,3167.12
2919,1793,24,2030-12-28,Home,370.71,1,370.71
2920,1327,16,2030-12-29,Sports,314.48,7,2201.36
2921,1815,4,2030-12-30,Electronics,493.26,4,1973.04
2922,1449,38,2030-12-31,Clothing,269.13,6,1614.78
2923,1453,44,2031-01-01,Food,60.99,9,548.91
2924,1923,27,2031-01-02,Sports,415.0,5,2075.0
2925,1628,9,2031-01-03,Food,129.67,8,1037.36
2926,1220,47,2031-01-04,Home,389.76,5,1948.8
2927,1153,16,2031-01-05,Food,478.77,2,957.54
2928,1664,12,2031-01-06,Sports,349.91,4,1399.64
2929,1011,31,2031-01-07,Clothing,300.03,2,600.06
2930,1132,24,2031-01-08,Clothing,232.89,7,1630.23
2931,1993,14,2031-01-09,Food,185.38,7,1297.66
2932,1303,45,2031-01-10,Electronics,179.74,3,539.22
2933,1292,25,2031-01-11,Food,320.0,7,2240.0
2934,1974,34,2031-01-12,Home,376.88,1,376.88
2935,1299,3,2031-01-13,Clothing,340.87,1,340.87
2936,1739,24,2031-01-14,Clothing,103.21,9,928.89
2937,1782,42,2031-01-15,Clothing,249.52,6,1497.12
2938,1042,9,2031-01-16,Electronics,396.86,5,1984.3
2939,1943,26,2031-01-17,Electronics,240.47,6,1442.82
2940,1342,20,2031-01-18,Sports,270.63,6,1623.78
2941,1325,40,2031-01-19,Food,386.71,1,386.71
2942,1813,10,2031-01-20,Food,332.33,5,1661.65
2943,1497,19,2031-01-21,Home,207.63,9,1868.67
2944,1363,3,2031-01-22,Clothing,448.23,4,1792.92
2945,1890,24,2031-01-23,Electronics,85.47,3,256.41
2946,1426,5,2031-01-24,Home,497.78,1,497.78
2947,1020,3,2031-01-25,Home,63.83,2,127.66
2948,1406,27,2031-01-26,Electronics,12.4,3,37.2
2949,1618,16,2031-01-27,Food,445.56,4,1782.24
2950,1335,49,2031-01-28,Clothing,126.25,7,883.75
2951,1814,15,2031-01-29,Food,366.2,6,2197.2
2952,1116,35,2031-01-30,Home,406.45,8,3251.6
2953,1123,12,2031-01-31,Clothing,430.2,9,3871.8
2954,1398,41,2031-02-01,Sports,495.84,6,2975.04
2955,1792,44,2031-02-02,Home,150.55,7,1053.85
2956,1803,26,2031-02-03,Food,356.57,4,1426.28
2957,1714,47,2031-02-04,Food,62.12,2,124.24
2958,1050,34,2031-02-05,Food,206.37,9,1857.33
2959,1782,23,2031-02-06,Electronics,424.75,9,3822.75
2960,1323,31,2031-02-07,Home,186.99,4,747.96
2961,1788,20,2031-02-08,Clothing,297.59,3,892.77
2962,1140,12,2031-02-09,Food,254.37,6,1526.22
2963,1469,23,2031-02-10,Food,324.75,3,974.25
2964,1786,4,2031-02-11,Electronics,486.58,1,486.58
2965,1801,23,2031-02-12,Clothing,32.59,4,130.36
2966,1333,48,2031-02-13,Home,289.11,1,289.11
2967,1892,48,2031-02-14,Sports,432.2,2,864.4
2968,1963,1,2031-02-15,Electronics,243.28,3,729.84
2969,1372,25,2031-02-16,Home,43.87,8,350.96
2970,1563,2,2031-02-17,Sports,282.47,4,1129.88
2971,1493,30,2031-02-18,Food,169.38,4,677.52
2972,1538,3,2031-02-19,Food,81.7,9,735.3
2973,1668,21,2031-02-20,Clothing,425.27,7,2976.89
2974,1750,25,2031-02-21,Sports,263.19,2,526.38
2975,1155,20,2031-02-22,Food,466.97,3,1400.91
2976,1290,49,2031-02-23,Food,403.98,4,1615.92
2977,1647,22,2031-02-24,Clothing,348.02,4,1392.08
2978,1143,21,2031-02-25,Home,7.49,8,59.92
2979,1105,33,2031-02-26,Food,216.77,6,1300.62
2980,1419,38,2031-02-27,Electronics,102.76,3,308.28
2981,1669,15,2031-02-28,Electronics,455.84,9,4102.56
2982,1657,46,2031-03-01,Home,91.42,8,731.36
2983,1001,15,2031-03-02,Sports,146.6,9,1319.4
2984,1944,46,2031-03-03,Clothing,260.83,5,1304.15
2985,1588,25,2031-03-04,Electronics,135.36,3,406.08
2986,1643,21,2031-03-05,Electronics,108.88,4,435.52
2987,1089,24,2031-03-06,Home,301.55,5,1507.75
2988,1344,5,2031-03-07,Sports,49.02,9,441.18
2989,1349,6,2031-03-08,Sports,33.79,9,304.11
2990,1458,49,2031-03-09,Home,189.26,3,567.78
2991,1262,43,2031-03-10,Electronics,361.73,7,2532.11
2992,1350,48,2031-03-11,Clothing,279.63,6,1677.78
2993,1107,44,2031-03-12,Electronics,214.32,4,857.28
2994,1585,47,2031-03-13,Sports,285.05,5,1425.25
2995,1038,23,2031-03-14,Electronics,185.9,2,371.8
2996,1908,4,2031-03-15,Clothing,468.39,7,3278.73
2997,1158,27,2031-03-16,Food,32.18,4,128.72
2998,1582,18,2031-03-17,Electronics,338.33,2,676.66
2999,1958,21,2031-03-18,Home,446.18,6,2677.08
3000,1311,28,2031-03-19,Food,402.92,2,805.84
3001,1240,35,2031-03-20,Home,96.1,2,192.2
3002,1937,22,2031-03-21,Home,151.48,7,1060.36
3003,1444,40,2031-03-22,Home,359.94,1,359.94
3004,1297,23,2031-03-23,Electronics,46.71,7,326.97
3005,1951,3,2031-03-24,Sports,406.87,5,2034.35
3006,1035,40,2031-03-25,Food,360.86,1,360.86
3007,1083,10,2031-03-26,Clothing,366.16,6,2196.96
3008,1451,25,2031-03-27,Sports,54.62,7,382.34
3009,1885,49,2031-03-28,Electronics,360.29,1,360.29
3010,1774,8,2031-03-29,Home,341.51,9,3073.59
3011,1821,11,2031-03-30,Clothing,416.31,7,2914.17
3012,1384,5,2031-03-31,Food,25.59,1,25.59
3013,1171,45,2031-04-01,Sports,16.44,3,49.32
3014,1375,37,2031-04-02,Sports,189.64,5,948.2
3015,1684,45,2031-04-03,Clothing,78.65,4,314.6
3016,1361,38,2031-04-04,Electronics,281.4,2,562.8
3017,1558,29,2031-04-05,Food,459.09,1,459.09
3018,1890,5,2031-04-06,Clothing,198.78,4,795.12
3019,1140,9,2031-04-07,Home,423.25,7,2962.75
3020,1886,48,2031-04-08,Food,5.12,4,20.48
3021,1917,2,2031-04-09,Sports,88.41,9,795.69
3022,1117,1,2031-04-10,Clothing,20.06,8,160.48
3023,1276,40,2031-04-11,Sports,167.43,8,1339.44
3024,1725,30,2031-04-12,Sports,454.55,5,2272.75
3025,1219,11,2031-04-13,Sports,52.99,1,52.99
3026,1904,28,2031-04-14,Electronics,305.17,9,2746.53
3027,1025,44,2031-04-15,Sports,228.49,2,456.98
3028,1520,12,2031-04-16,Home,469.54,6,2817.24
3029,1782,39,2031-04-17,Home,65.65,5,328.25
3030,1009,26,2031-04-18,Food,109.95,8,879.6
3031,1983,13,2031-04-19,Sports,19.62,3,58.86
3032,1377,8,2031-04-20,Sports,219.8,6,1318.8
3033,1632,28,2031-04-21,Clothing,142.53,6,855.18
3034,1636,30,2031-04-22,Electronics,435.6,3,1306.8
3035,1681,9,2031-04-23,Food,304.45,7,2131.15
3036,1583,39,2031-04-24,Sports,308.97,4,1235.88
3037,1151,31,2031-04-25,Clothing,268.3,5,1341.5
3038,1719,21,2031-04-26,Electronics,50.47,9,454.23
3039,1048,47,2031-04-27,Food,225.28,6,1351.68
3040,1153,34,2031-04-28,Food,499.76,4,1999.04
3041,1858,31,2031-04-29,Sports,418.44,8,3347.52
3042,1292,25,2031-04-30,Food,447.26,9,4025.34
3043,1579,12,2031-05-01,Clothing,412.5,5,2062.5
3044,1049,1,2031-05-02,Food,56.01,2,112.02
3045,1663,22,2031-05-03,Home,117.59,6,705.54
3046,1530,40,2031-05-04,Clothing,6.55,8,52.4
3047,1611,37,2031-05-05,Electronics,155.24,5,776.2
3048,1059,47,2031-05-06,Electronics,58.76,1,58.76
3049,1166,1,2031-05-07,Sports,239.03,8,1912.24
3050,1201,1,2031-05-08,Sports,340.18,9,3061.62
3051,1856,42,2031-05-09,Home,437.88,1,437.88
3052,1145,42,2031-05-10,Electronics,375.86,8,3006.88
3053,1914,21,2031-05-11,Electronics,469.6,2,939.2
3054,1675,15,2031-05-12,Electronics,31.68,4,126.72
3055,1969,17,2031-05-13,Electronics,11.03,2,22.06
3056,1992,22,2031-05-14,Food,332.36,2,664.72
3057,1438,38,2031-05-15,Clothing,148.23,3,444.69
3058,1241,35,2031-05-16,Clothing,130.48,8,1043.84
3059,1580,45,2031-05-17,Home,168.79,4,675.16
3060,1686,16,2031-05-18,Food,138.55,7,969.85
3061,1560,8,2031-05-19,Electronics,258.16,3,774.48
3062,1482,47,2031-05-20,Electronics,222.87,3,668.61
3063,1107,17,2031-05-21,Sports,258.65,2,517.3
3064,1225,17,2031-05-22,Sports,337.99,6,2027.94
3065,1672,26,2031-05-23,Home,196.63,6,1179.78
3066,1630,13,2031-05-24,Electronics,129.4,1,129.4
3067,1660,17,2031-05-25,Home,87.27,7,610.89
3068,1976,38,2031-05-26,Food,177.99,4,711.96
3069,1661,17,2031-05-27,Clothing,372.19,3,1116.57
3070,1431,48,2031-05-28,Electronics,379.57,8,3036.56
3071,1804,14,2031-05-29,Food,335.12,2,670.24
3072,1654,45,2031-05-30,Electronics,120.84,9,1087.56
3073,1418,6,2031-05-31,Sports,296.1,8,2368.8
3074,1987,35,2031-06-01,Home,287.49,8,2299.92
3075,1454,46,2031-06-02,Sports,244.71,3,734.13
3076,1159,14,2031-06-03,Clothing,277.24,4,1108.96
3077,1522,47,2031-06-04,Sports,248.44,2,496.88
3078,1649,8,2031-06-05,Electronics,284.9,2,569.8
3079,1968,15,2031-06-06,Sports,359.18,4,1436.72
3080,1589,27,2031-06-07,Electronics,59.27,6,355.62
3081,1076,13,2031-06-08,Clothing,376.06,5,1880.3
3082,1508,49,2031-06-09,Sports,72.26,1,72.26
3083,1440,31,2031-06-10,Home,37.98,1,37.98
3084,1253,35,2031-06-11,Home,488.16,6,2928.96
3085,1920,6,2031-06-12,Home,478.71,3,1436.13
3086,1769,5,2031-06-13,Sports,34.92,3,104.76
3087,1319,22,2031-06-14,Sports,224.41,7,1570.87
3088,1802,49,2031-06-15,Sports,97.19,1,97.19
3089,1262,23,2031-06-16,Electronics,245.25,1,245.25
3090,1596,25,2031-06-17,Clothing,415.94,3,1247.82
3091,1657,34,2031-06-18,Home,475.55,8,3804.4
3092,1834,26,2031-06-19,Electronics,318.96,1,318.96
3093,1553,47,2031-06-20,Home,180.18,4,720.72
3094,1373,5,2031-06-21,Electronics,303.65,9,2732.85
3095,1636,26,2031-06-22,Sports,159.44,4,637.76
3096,1166,20,2031-06-23,Home,455.36,8,3642.88
3097,1936,6,2031-06-24,Sports,435.85,7,3050.95
3098,1752,6,2031-06-25,Home,281.32,3,843.96
3099,1458,18,2031-06-26,Food,165.78,7,1160.46
3100,1998,4,2031-06-27,Electronics,150.23,7,1051.61
3101,1279,17,2031-06-28,Food,21.54,3,64.62
3102,1699,14,2031-06-29,Electronics,408.83,2,817.66
3103,1301,14,2031-06-30,Clothing,227.94,9,2051.46
3104,1530,13,2031-07-01,Home,165.94,1,165.94
3105,1579,7,2031-07-02,Clothing,238.2,7,1667.4
3106,1217,44,2031-07-03,Clothing,410.28,4,1641.12
3107,1101,15,2031-07-04,Electronics,66.68,2,133.36
3108,1553,19,2031-07-05,Food,429.54,2,859.08
3109,1287,43,2031-07-06,Sports,449.27,8,3594.16
3110,1166,47,2031-07-07,Electronics,473.62,7,3315.34
3111,1620,44,2031-07-08,Sports,201.76,7,1412.32
3112,1035,35,2031-07-09,Clothing,112.48,5,562.4
3113,1743,17,2031-07-10,Sports,189.95,8,1519.6
3114,1740,35,2031-07-11,Food,169.79,2,339.58
3115,1352,19,2031-07-12,Electronics,92.2,2,184.4
3116,1675,20,2031-07-13,Food,305.6,5,1528.0
3117,1898,36,2031-07-14,Food,240.93,1,240.93
3118,1072,35,2031-07-15,Electronics,433.52,6,2601.12
3119,1647,32,2031-07-16,Food,20.89,4,83.56
3120,1352,48,2031-07-17,Home,323.71,6,1942.26
3121,1890,44,2031-07-18,Home,382.66,7,2678.62
3122,1069,40,2031-07-19,Home,380.95,3,1142.85
3123,1424,24,2031-07-20,Sports,443.61,8,3548.88
3124,1998,17,2031-07-21,Food,365.87,7,2561.09
3125,1707,7,2031-07-22,Electronics,464.27,1,464.27
3126,1780,43,2031-07-23,Electronics,169.67,6,1018.02
3127,1560,1,2031-07-24,Sports,254.09,7,1778.63
3128,1827,35,2031-07-25,Electronics,11.97,4,47.88
3129,1641,32,2031-07-26,Home,8.44,2,16.88
3130,1955,36,2031-07-27,Food,123.86,9,1114.74
3131,1516,13,2031-07-28,Electronics,54.9,7,384.3
3132,1427,6,2031-07-29,Electronics,133.8,1,133.8
3133,1538,14,2031-07-30,Clothing,92.64,8,741.12
3134,1159,37,2031-07-31,Clothing,19.12,3,57.36
3135,1148,48,2031-08-01,Clothing,455.11,4,1820.44
3136,1775,15,2031-08-02,Food,9.07,5,45.35
3137,1229,47,2031-08-03,Home,369.36,1,369.36
3138,1711,4,2031-08-04,Home,80.31,6,481.86
3139,1561,40,2031-08-05,Home,456.55,6,2739.3
3140,1066,16,2031-08-06,Food,446.93,2,893.86
3141,1811,28,2031-08-07,Food,328.68,6,1972.08
3142,1380,16,2031-08-08,Clothing,337.76,8,2702.08
3143,1057,4,2031-08-09,Electronics,7.64,6,45.84
3144,1258,45,2031-08-10,Sports,492.51,4,1970.04
3145,1341,26,2031-08-11,Sports,439.53,4,1758.12
3146,1837,28,2031-08-12,Electronics,448.08,9,4032.72
3147,1129,32,2031-08-13,Clothing,331.33,6,1987.98
3148,1726,45,2031-08-14,Electronics,175.67,8,1405.36
3149,1171,2,2031-08-15,Electronics,447.36,8,3578.88
3150,1769,31,2031-08-16,Sports,149.3,7,1045.1
3151,1613,3,2031-08-17,Clothing,283.54,3,850.62
3152,1208,8,2031-08-18,Food,54.37,1,54.37
3153,1802,24,2031-08-19,Sports,461.37,5,2306.85
3154,1353,15,2031-08-20,Food,74.68,2,149.36
3155,1470,43,2031-08-21,Clothing,116.32,2,232.64
3156,1797,31,2031-08-22,Electronics,281.28,7,1968.96
3157,1115,9,2031-08-23,Home,383.23,3,1149.69
3158,1263,39,2031-08-24,Home,311.58,8,2492.64
3159,1661,45,2031-08-25,Clothing,119.91,9,1079.19
3160,1811,2,2031-08-26,Home,5.47,8,43.76
3161,1441,8,2031-08-27,Food,379.79,6,2278.74
3162,1547,7,2031-08-28,Home,492.68,5,2463.4
3163,1452,44,2031-08-29,Clothing,405.91,3,1217.73
3164,1844,39,2031-08-30,Clothing,232.8,3,698.4
3165,1476,42,2031-08-31,Food,452.36,7,3166.52
3166,1286,16,2031-09-01,Home,207.87,5,1039.35
3167,1302,35,2031-09-02,Home,264.84,6,1589.04
3168,1310,30,2031-09-03,Electronics,241.18,6,1447.08
3169,1207,10,2031-09-04,Sports,226.57,9,2039.13
3170,1617,38,2031-09-05,Clothing,388.72,1,388.72
3171,1445,18,2031-09-06,Electronics,265.75,8,2126.0
3172,1669,5,2031-09-07,Clothing,161.77,5,808.85
3173,1632,29,2031-09-08,Electronics,132.79,6,796.74
3174,1054,39,2031-09-09,Sports,23.68,6,142.08
3175,1911,34,2031-09-10,Electronics,293.68,1,293.68
3176,1011,43,2031-09-11,Clothing,118.83,3,356.49
3177,1656,45,2031-09-12,Home,78.33,6,469.98
3178,1399,23,2031-09-13,Clothing,328.65,9,2957.85
3179,1907,5,2031-09-14,Food,342.2,6,2053.2
3180,1647,30,2031-09-15,Food,377.32,6,2263.92
3181,1979,6,2031-09-16,Food,254.27,1,254.27
3182,1514,46,2031-09-17,Food,447.56,9,4028.04
3183,1655,44,2031-09-18,Sports,468.49,4,1873.96
3184,1541,4,2031-09-19,Home,404.65,2,809.3
3185,1236,29,2031-09-20,Home,319.62,1,319.62
3186,1278,23,2031-09-21,Clothing,155.34,3,466.02
3187,1347,6,2031-09-22,Electronics,491.56,3,1474.68
3188,1626,32,2031-09-23,Clothing,140.7,5,703.5
3189,1103,42,2031-09-24,Clothing,105.32,1,105.32
3190,1629,18,2031-09-25,Clothing,223.87,7,1567.09
3191,1516,15,2031-09-26,Clothing,33.14,1,33.14
3192,1979,40,2031-09-27,Home,489.35,4,1957.4
3193,1871,32,2031-09-28,Electronics,296.27,6,1777.62
3194,1247,9,2031-09-29,Clothing,280.69,1,280.69
3195,1363,37,2031-09-30,Home,329.62,7,2307.34
3196,1320,10,2031-10-01,Clothing,251.03,7,1757.21
3197,1632,20,2031-10-02,Food,20.87,3,62.61
3198,1285,6,2031-10-03,Clothing,308.09,4,1232.36
3199,1148,48,2031-10-04,Clothing,359.51,6,2157.06
3200,1083,3,2031-10-05,Sports,211.29,7,1479.03
3201,1965,42,2031-10-06,Food,379.86,4,1519.44
3202,1405,11,2031-10-07,Electronics,117.37,9,1056.33
3203,1977,43,2031-10-08,Clothing,114.53,9,1030.77
3204,1455,17,2031-10-09,Electronics,84.9,9,764.1
3205,1742,32,2031-10-10,Food,189.14,6,1134.84
3206,1799,4,2031-10-11,Clothing,424.27,2,848.54
3207,1160,4,2031-10-12,Sports,414.82,2,829.64
3208,1783,17,2031-10-13,Home,194.5,4,778.0
3209,1459,41,2031-10-14,Sports,296.61,9,2669.49
3210,1549,19,2031-10-15,Sports,361.8,3,1085.4
3211,1499,5,2031-10-16,Home,124.4,6,746.4
3212,1737,32,2031-10-17,Home,88.23,2,176.46
3213,1508,22,2031-10-18,Home,486.19,1,486.19
3214,1653,6,2031-10-19,Clothing,310.69,5,1553.45
3215,1803,35,2031-10-20,Electronics,490.8,8,3926.4
3216,1480,22,2031-10-21,Electronics,172.19,2,344.38
3217,1662,1,2031-10-22,Home,353.0,9,3177.0
3218,1113,20,2031-10-23,Sports,115.19,8,921.52
3219,1748,22,2031-10-24,Food,134.29,3,402.87
3220,1577,48,2031-10-25,Home,258.39,1,258.39
3221,1360,11,2031-10-26,Sports,163.21,4,652.84
3222,1340,13,2031-10-27,Sports,87.97,8,703.76
3223,1769,42,2031-10-28,Clothing,135.13,3,405.39
3224,1986,3,2031-10-29,Clothing,22.7,2,45.4
3225,1760,9,2031-10-30,Electronics,353.69,7,2475.83
3226,1968,12,2031-10-31,Electronics,248.6,4,994.4
3227,1448,23,2031-11-01,Food,51.65,6,309.9
3228,1842,14,2031-11-02,Food,89.99,5,449.95
3229,1834,33,2031-11-03,Food,55.75,2,111.5
3230,1179,18,2031-11-04,Food,308.23,2,616.46
3231,1701,49,2031-11-05,Sports,51.63,9,464.67
3232,1406,41,2031-11-06,Sports,378.37,2,756.74
3233,1665,9,2031-11-07,Electronics,15.15,8,121.2
3234,1195,23,2031-11-08,Clothing,128.44,8,1027.52
3235,1465,10,2031-11-09,Clothing,445.88,1,445.88
3236,1310,19,2031-11-10,Home,360.67,1,360.67
3237,1261,47,2031-11-11,Sports,41.12,4,164.48
3238,1418,5,2031-11-12,Food,411.46,2,822.92
3239,1405,47,2031-11-13,Food,249.05,1,249.05
3240,1938,23,2031-11-14,Home,424.16,9,3817.44
3241,1142,30,2031-11-15,Clothing,302.37,3,907.11
3242,1341,25,2031-11-16,Food,342.51,1,342.51
3243,1315,28,2031-11-17,Clothing,496.78,2,993.56
3244,1100,34,2031-11-18,Home,120.01,8,960.08
3245,1243,45,2031-11-19,Clothing,313.85,5,1569.25
3246,1489,48,2031-11-20,Clothing,232.86,7,1630.02
3247,1011,47,2031-11-21,Clothing,24.53,6,147.18
3248,1238,25,2031-11-22,Food,12.16,1,12.16
3249,1560,10,2031-11-23,Electronics,64.02,6,384.12
3250,1041,14,2031-11-24,Sports,326.3,7,2284.1
3251,1677,42,2031-11-25,Clothing,285.75,4,1143.0
3252,1593,46,2031-11-26,Clothing,278.95,8,2231.6
3253,1428,30,2031-11-27,Clothing,20.77,8,166.16
3254,1802,41,2031-11-28,Electronics,237.3,7,1661.1
3255,1157,25,2031-11-29,Home,462.69,2,925.38
3256,1215,14,2031-11-30,Food,201.81,6,1210.86
3257,1669,35,2031-12-01,Electronics,314.34,6,1886.04
3258,1461,48,2031-12-02,Clothing,391.01,7,2737.07
3259,1133,34,2031-12-03,Electronics,393.04,6,2358.24
3260,1066,10,2031-12-04,Electronics,262.04,2,524.08
3261,1847,35,2031-12-05,Electronics,429.69,8,3437.52
3262,1006,11,2031-12-06,Home,198.73,4,794.92
3263,1947,11,2031-12-07,Sports,444.9,9,4004.1
3264,1525,21,2031-12-08,Food,123.91,8,991.28
3265,1072,21,2031-12-09,Home,143.71,3,431.13
3266,1398,22,2031-12-10,Home,31.29,3,93.87
3267,1404,45,2031-12-11,Sports,398.81,8,3190.48
3268,1674,7,2031-12-12,Home,211.44,2,422.88
3269,1577,17,2031-12-13,Electronics,118.41,9,1065.69
3270,1858,2,2031-12-14,Electronics,119.74,4,478.96
3271,1129,12,2031-12-15,Clothing,451.19,6,2707.14
3272,1930,42,2031-12-16,Home,417.79,3,1253.37
3273,1465,18,2031-12-17,Clothing,279.0,3,837.0
3274,1205,11,2031-12-18,Food,309.97,3,929.91
3275,1787,16,2031-12-19,Electronics,239.79,2,479.58
3276,1977,49,2031-12-20,Food,198.87,8,1590.96
3277,1767,18,2031-12-21,Sports,458.16,9,4123.44
3278,1265,35,2031-12-22,Electronics,67.18,8,537.44
3279,1536,26,2031-12-23,Food,212.13,3,636.39
3280,1961,16,2031-12-24,Sports,175.56,7,1228.92
3281,1792,6,2031-12-25,Food,251.58,2,503.16
3282,1252,44,2031-12-26,Sports,231.53,4,926.12
3283,1821,43,2031-12-27,Sports,261.85,6,1571.1
3284,1288,47,2031-12-28,Electronics,74.26,5,371.3
3285,1163,47,2031-12-29,Clothing,259.01,9,2331.09
3286,1094,48,2031-12-30,Sports,125.0,4,500.0
3287,1781,42,2031-12-31,Sports,96.24,5,481.2
3288,1832,12,2032-01-01,Electronics,37.09,4,148.36
3289,1109,13,2032-01-02,Clothing,382.51,8,3060.08
3290,1335,4,2032-01-03,Home,216.58,8,1732.64
3291,1821,39,2032-01-04,Home,315.19,3,945.57
3292,1237,2,2032-01-05,Clothing,365.16,1,365.16
3293,1380,26,2032-01-06,Food,341.26,6,2047.56
3294,1435,27,2032-01-07,Electronics,237.9,2,475.8
3295,1898,27,2032-01-08,Clothing,197.01,2,394.02
3296,1482,15,2032-01-09,Home,191.1,3,573.3
3297,1936,8,2032-01-10,Sports,321.82,8,2574.56
3298,1901,7,2032-01-11,Home,249.92,3,749.76
3299,1024,47,2032-01-12,Sports,425.32,7,2977.24
3300,1652,46,2032-01-13,Electronics,437.98,9,3941.82
3301,1116,40,2032-01-14,Sports,89.43,8,715.44
3302,1481,12,2032-01-15,Clothing,72.44,1,72.44
3303,1391,13,2032-01-16,Sports,317.05,7,2219.35
3304,1916,43,2032-01-17,Food,154.11,7,1078.77
3305,1993,17,2032-01-18,Clothing,14.19,8,113.52
3306,1963,17,2032-01-19,Electronics,444.88,5,2224.4
3307,1536,36,2032-01-20,Clothing,117.32,9,1055.88
3308,1078,21,2032-01-21,Food,464.99,9,4184.91
3309,1579,8,2032-01-22,Electronics,360.13,8,2881.04
3310,1172,5,2032-01-23,Home,382.51,6,2295.06
3311,1955,26,2032-01-24,Food,104.72,6,628.32
3312,1011,16,2032-01-25,Electronics,120.93,1,120.93
3313,1799,36,2032-01-26,Sports,263.03,6,1578.18
3314,1127,28,2032-01-27,Clothing,90.19,4,360.76
3315,1607,29,2032-01-28,Electronics,156.19,4,624.76
3316,1091,47,2032-01-29,Clothing,164.12,2,328.24
3317,1652,12,2032-01-30,Sports,84.02,4,336.08
3318,1542,37,2032-01-31,Electronics,106.57,5,532.85
3319,1845,30,2032-02-01,Home,395.33,5,1976.65
3320,1531,23,2032-02-02,Food,87.76,5,438.8
3321,1657,16,2032-02-03,Electronics,19.09,4,76.36
3322,1988,14,2032-02-04,Sports,316.53,1,316.53
3323,1827,10,2032-02-05,Electronics,488.11,8,3904.88
3324,1446,7,2032-02-06,Clothing,168.95,3,506.85
3325,1389,45,2032-02-07,Electronics,63.73,2,127.46
3326,1671,37,2032-02-08,Home,287.34,9,2586.06
3327,1860,29,2032-02-09,Electronics,453.65,7,3175.55
3328,1042,3,2032-02-10,Food,393.11,9,3537.99
3329,1253,15,2032-02-11,Electronics,313.15,2,626.3
3330,1129,36,2032-02-12,Clothing,160.95,9,1448.55
3331,1059,47,2032-02-13,Electronics,273.23,9,2459.07
3332,1662,46,2032-02-14,Home,50.17,9,451.53
3333,1466,19,2032-02-15,Sports,341.08,4,1364.32
3334,1286,13,2032-02-16,Electronics,363.92,3,1091.76
3335,1516,42,2032-02-17,Electronics,482.69,6,2896.14
3336,1466,21,2032-02-18,Food,133.9,3,401.7
3337,1929,37,2032-02-19,Home,14.14,9,127.26
3338,1777,27,2032-02-20,Sports,275.08,3,825.24
3339,1344,29,2032-02-21,Clothing,354.86,2,709.72
3340,1641,20,2032-02-22,Electronics,396.25,8,3170.0
3341,1381,25,2032-02-23,Sports,100.9,6,605.4
3342,1778,6,2032-02-24,Clothing,134.57,8,1076.56
3343,1689,36,2032-02-25,Home,258.73,7,1811.11
3344,1252,2,2032-02-26,Home,168.65,3,505.95
3345,1926,22,2032-02-27,Sports,430.95,8,3447.6
3346,1055,32,2032-02-28,Clothing,239.51,1,239.51
3347,1462,16,2032-02-29,Home,400.79,1,400.79
3348,1456,18,2032-03-01,Sports,292.41,8,2339.28
3349,1982,5,2032-03-02,Home,387.68,9,3489.12
3350,1082,36,2032-03-03,Home,169.67,6,1018.02
3351,1904,30,2032-03-04,Home,416.55,5,2082.75
3352,1098,45,2032-03-05,Food,140.91,2,281.82
3353,1148,19,2032-03-06,Clothing,275.32,9,2477.88
3354,1328,23,2032-03-07,Sports,110.93,6,665.58
3355,1155,34,2032-03-08,Sports,240.39,8,1923.12
3356,1189,13,2032-03-09,Clothing,162.5,9,1462.5
3357,1493,43,2032-03-10,Clothing,137.02,9,1233.18
3358,1882,29,2032-03-11,Clothing,483.66,8,3869.28
3359,1262,36,2032-03-12,Clothing,84.24,8,673.92
3360,1079,22,2032-03-13,Electronics,394.73,3,1184.19
3361,1399,47,2032-03-14,Sports,492.16,3,1476.48
3362,1763,36,2032-03-15,Electronics,14.85,2,29.7
3363,1608,9,2032-03-16,Home,351.02,1,351.02
3364,1259,39,2032-03-17,Home,130.19,4,520.76
3365,1771,19,2032-03-18,Sports,25.04,2,50.08
3366,1614,38,2032-03-19,Home,204.43,2,408.86
3367,1551,6,2032-03-20,Clothing,467.93,5,2339.65
3368,1784,47,2032-03-21,Electronics,10.82,4,43.28
3369,1100,15,2032-03-22,Clothing,296.0,1,296.0
3370,1358,20,2032-03-23,Home,253.19,9,2278.71
3371,1379,9,2032-03-24,Electronics,437.33,4,1749.32
3372,1819,32,2032-03-25,Clothing,46.58,5,232.9
3373,1220,4,2032-03-26,Sports,342.36,7,2396.52
3374,1819,18,2032-03-27,Clothing,341.65,2,683.3
3375,1419,5,2032-03-28,Home,336.19,8,2689.52
3376,1123,20,2032-03-29,Electronics,471.46,2,942.92
3377,1421,23,2032-03-30,Sports,412.43,5,2062.15
3378,1230,11,2032-03-31,Electronics,25.78,2,51.56
3379,1689,37,2032-04-01,Sports,238.19,2,476.38
3380,1062,22,2032-04-02,Electronics,201.99,4,807.96
3381,1484,4,2032-04-03,Home,158.52,4,634.08
3382,1627,29,2032-04-04,Sports,228.41,8,1827.28
3383,1702,44,2032-04-05,Food,195.18,6,1171.08
3384,1573,34,2032-04-06,Electronics,219.01,8,1752.08
3385,1767,13,2032-04-07,Electronics,489.73,7,3428.11
3386,1482,42,2032-04-08,Clothing,48.87,4,195.48
3387,1518,9,2032-04-09,Sports,461.5,2,923.0
3388,1154,42,2032-04-10,Food,242.72,9,2184.48
3389,1091,31,2032-04-11,Home,313.75,2,627.5
3390,1981,7,2032-04-12,Clothing,415.94,1,415.94
3391,1525,4,2032-04-13,Food,183.43,8,1467.44
3392,1454,19,2032-04-14,Sports,218.06,9,1962.54
3393,1740,42,2032-04-15,Food,207.71,1,207.71
3394,1597,30,2032-04-16,Electronics,190.49,7,1333.43
3395,1644,31,2032-04-17,Electronics,463.14,2,926.28
3396,1509,35,2032-04-18,Clothing,415.32,6,2491.92
3397,1182,21,2032-04-19,Sports,58.95,5,294.75
3398,1385,31,2032-04-20,Sports,58.52,1,58.52
3399,1573,19,2032-04-21,Food,216.8,2,433.6
3400,1730,31,2032-04-22,Clothing,53.84,2,107.68
3401,1404,32,2032-04-23,Sports,311.45,6,1868.7
3402,1245,2,2032-04-24,Electronics,76.13,1,76.13
3403,1741,10,2032-04-25,Food,263.57,4,1054.28
3404,1590,2,2032-04-26,Home,8.57,5,42.85
3405,1660,2,2032-04-27,Electronics,161.72,2,323.44
3406,1649,24,2032-04-28,Clothing,340.21,2,680.42
3407,1470,17,2032-04-29,Sports,244.6,7,1712.2
3408,1825,32,2032-04-30,Electronics,489.24,7,3424.68
3409,1887,16,2032-05-01,Home,437.68,6,2626.08
3410,1422,16,2032-05-02,Home,182.74,1,182.74
3411,1900,46,2032-05-03,Clothing,27.52,3,82.56
3412,1064,39,2032-05-04,Electronics,423.59,9,3812.31
3413,1012,31,2032-05-05,Food,456.06,1,456.06
3414,1212,43,2032-05-06,Electronics,411.21,2,822.42
3415,1985,24,2032-05-07,Home,68.34,8,546.72
3416,1241,1,2032-05-08,Clothing,498.97,7,3492.79
3417,1492,11,2032-05-09,Clothing,133.0,9,1197.0
3418,1212,21,2032-05-10,Food,363.48,4,1453.92
3419,1692,4,2032-05-11,Clothing,454.48,4,1817.92
3420,1337,7,2032-05-12,Clothing,121.67,7,851.69
3421,1996,26,2032-05-13,Clothing,454.59,1,454.59
3422,1172,47,2032-05-14,Clothing,158.19,9,1423.71
3423,1671,12,2032-05-15,Clothing,488.32,2,976.64
3424,1163,31,2032-05-16,Home,144.22,1,144.22
3425,1464,17,2032-05-17,Electronics,476.95,7,3338.65
3426,1994,33,2032-05-18,Sports,31.5,6,189.0
3427,1496,11,2032-05-19,Clothing,356.09,3,1068.27
3428,1699,28,2032-05-20,Sports,268.4,1,268.4
3429,1394,32,2032-05-21,Sports,241.55,5,1207.75
3430,1702,1,2032-05-22,Home,115.63,4,462.52
3431,1916,47,2032-05-23,Clothing,354.27,5,1771.35
3432,1307,28,2032-05-24,Sports,99.45,1,99.45
3433,1767,42,2032-05-25,Clothing,278.66,1,278.66
3434,1182,7,2032-05-26,Food,130.36,5,651.8
3435,1628,2,2032-05-27,Food,478.03,6,2868.18
3436,1793,42,2032-05-28,Food,19.17,5,95.85
3437,1509,24,2032-05-29,Sports,103.87,2,207.74
3438,1707,4,2032-05-30,Food,124.94,9,1124.46
3439,1545,44,2032-05-31,Home,209.96,5,1049.8
3440,1563,19,2032-06-01,Home,120.2,5,601.0
3441,1623,26,2032-06-02,Sports,248.22,9,2233.98
3442,1763,11,2032-06-03,Clothing,436.87,3,1310.61
3443,1593,40,2032-06-04,Electronics,357.47,5,1787.35
3444,1743,43,2032-06-05,Clothing,292.08,5,1460.4
3445,1226,11,2032-06-06,Clothing,49.06,2,98.12
3446,1744,45,2032-06-07,Clothing,348.53,4,1394.12
3447,1732,3,2032-06-08,Clothing,87.38,2,174.76
3448,1435,12,2032-06-09,Electronics,394.25,5,1971.25
3449,1924,3,2032-06-10,Food,128.78,2,257.56
3450,1421,42,2032-06-11,Clothing,211.44,9,1902.96
3451,1553,27,2032-06-12,Home,178.48,6,1070.88
3452,1020,49,2032-06-13,Sports,430.11,8,3440.88
3453,1553,2,2032-06-14,Sports,67.64,9,608.76
3454,1396,49,2032-06-15,Home,284.99,8,2279.92
3455,1624,16,2032-06-16,Clothing,75.32,5,376.6
3456,1104,2,2032-06-17,Electronics,353.87,5,1769.35
3457,1191,30,2032-06-18,Food,453.01,6,2718.06
3458,1016,20,2032-06-19,Sports,220.13,1,220.13
3459,1119,38,2032-06-20,Food,246.61,8,1972.88
3460,1392,28,2032-06-21,Electronics,464.07,2,928.14
3461,1424,25,2032-06-22,Sports,262.89,6,1577.34
3462,1128,32,2032-06-23,Food,246.36,9,2217.24
3463,1129,10,2032-06-24,Electronics,291.27,3,873.81
3464,1571,42,2032-06-25,Food,346.17,2,692.34
3465,1559,40,2032-06-26,Clothing,57.91,5,289.55
3466,1028,33,2032-06-27,Electronics,411.45,9,3703.05
3467,1096,13,2032-06-28,Food,220.57,6,1323.42
3468,1009,41,2032-06-29,Clothing,40.81,8,326.48
3469,1241,42,2032-06-30,Clothing,394.16,8,3153.28
3470,1825,47,2032-07-01,Electronics,191.59,7,1341.13
3471,1955,37,2032-07-02,Home,54.68,5,273.4
3472,1231,16,2032-07-03,Sports,318.72,2,637.44
3473,1788,45,2032-07-04,Electronics,440.67,5,2203.35
3474,1283,22,2032-07-05,Clothing,444.44,7,3111.08
3475,1714,20,2032-07-06,Clothing,479.04,7,3353.28
3476,1758,43,2032-07-07,Electronics,434.51,2,869.02
3477,1801,27,2032-07-08,Home,6.06,7,42.42
3478,1775,41,2032-07-09,Sports,193.22,6,1159.32
3479,1954,16,2032-07-10,Food,410.18,7,2871.26
3480,1725,34,2032-07-11,Electronics,186.3,8,1490.4
3481,1199,32,2032-07-12,Sports,302.77,4,1211.08
3482,1944,26,2032-07-13,Sports,305.13,1,305.13
3483,1078,25,2032-07-14,Clothing,185.69,8,1485.52
3484,1912,2,2032-07-15,Food,452.71,8,3621.68
3485,1955,12,2032-07-16,Electronics,254.1,3,762.3
3486,1854,40,2032-07-17,Clothing,235.07,3,705.21
3487,1855,9,2032-07-18,Clothing,498.77,5,2493.85
3488,1172,12,2032-07-19,Home,249.28,3,747.84
3489,1466,26,2032-07-20,Sports,93.31,5,466.55
3490,1580,9,2032-07-21,Electronics,258.97,8,2071.76
3491,1415,10,2032-07-22,Electronics,407.94,1,407.94
3492,1939,32,2032-07-23,Electronics,389.55,2,779.1
3493,1448,34,2032-07-24,Clothing,395.35,2,790.7
3494,1086,48,2032-07-25,Home,355.47,4,1421.88
3495,1100,20,2032-07-26,Food,130.84,9,1177.56
3496,1007,39,2032-07-27,Clothing,431.73,2,863.46
3497,1844,2,2032-07-28,Food,447.25,9,4025.25
3498,1199,1,2032-07-29,Home,101.11,7,707.77
3499,1504,36,2032-07-30,Sports,69.58,8,556.64
3500,1086,24,2032-07-31,Electronics,487.92,1,487.92
